time,T_in,T_out
2023-06-24 23:30:00,13.8,16.6
2023-06-24 23:40:00,14.1,16.4
2023-06-24 23:50:00,14.0,16.4
2023-06-25 00:00:00,14.6,16.4
2023-06-25 00:10:00,14.2,16.3
2023-06-25 00:20:00,14.3,16.1
2023-06-25 00:30:00,14.6,16.0
2023-06-25 00:40:00,14.3,15.9
2023-06-25 00:50:00,13.9,16.1
2023-06-25 01:00:00,14.7,16.3
2023-06-25 01:10:00,14.2,16.2
2023-06-25 01:20:00,14.4,16.2
2023-06-25 01:30:00,14.6,16.3
2023-06-25 01:40:00,14.0,16.0
2023-06-25 01:50:00,14.7,15.5
2023-06-25 02:00:00,14.2,15.6
2023-06-25 02:10:00,14.4,15.9
2023-06-25 02:20:00,14.6,15.9
2023-06-25 02:30:00,14.4,15.7
2023-06-25 02:40:00,14.8,15.6
2023-06-25 02:50:00,14.0,15.2
2023-06-25 03:00:00,14.6,15.1
2023-06-25 03:10:00,14.7,15.0
2023-06-25 03:20:00,14.4,14.7
2023-06-25 03:30:00,14.9,14.9
2023-06-25 03:40:00,14.2,14.7
2023-06-25 03:50:00,14.9,14.5
2023-06-25 04:00:00,14.5,14.6
2023-06-25 04:10:00,14.6,14.5
2023-06-25 04:20:00,14.6,14.5
2023-06-25 04:30:00,14.7,14.6
2023-06-25 04:40:00,15.0,14.4
2023-06-25 04:50:00,14.4,14.1
2023-06-25 05:00:00,15.2,14.1
2023-06-25 05:10:00,14.4,13.9
2023-06-25 05:20:00,15.2,13.8
2023-06-25 05:30:00,14.4,13.8
2023-06-25 05:40:00,15.1,13.7
2023-06-25 05:50:00,14.4,13.4
2023-06-25 06:00:00,15.2,13.5
2023-06-25 06:10:00,15.7,13.7
2023-06-25 06:20:00,16.0,14.1
2023-06-25 06:30:00,16.2,14.7
2023-06-25 06:40:00,16.5,15.2
2023-06-25 06:50:00,16.7,15.8
2023-06-25 07:00:00,17.5,17.0
2023-06-25 07:10:00,18.4,17.9
2023-06-25 07:20:00,19.0,19.0
2023-06-25 07:30:00,19.5,20.1
2023-06-25 07:40:00,19.9,21.1
2023-06-25 07:50:00,20.2,22.1
2023-06-25 08:00:00,20.6,23.3
2023-06-25 08:10:00,21.0,24.3
2023-06-25 08:20:00,21.2,25.0
2023-06-25 08:30:00,21.5,25.5
2023-06-25 08:40:00,21.8,26.2
2023-06-25 08:50:00,22.0,26.8
2023-06-25 09:00:00,22.2,27.5
2023-06-25 09:10:00,22.4,27.8
2023-06-25 09:20:00,22.7,28.1
2023-06-25 09:30:00,23.0,28.6
2023-06-25 09:40:00,23.3,29.2
2023-06-25 09:50:00,23.6,29.6
2023-06-25 10:00:00,23.9,29.9
2023-06-25 10:10:00,23.9,30.3
2023-06-25 10:20:00,24.1,30.6
2023-06-25 10:30:00,24.1,31.0
2023-06-25 10:40:00,24.4,31.0
2023-06-25 10:50:00,24.7,31.4
2023-06-25 11:00:00,25.1,31.8
2023-06-25 11:10:00,25.5,32.1
2023-06-25 11:20:00,25.5,32.4
2023-06-25 11:30:00,25.3,32.6
2023-06-25 11:40:00,25.4,32.8
2023-06-25 11:50:00,25.5,32.7
2023-06-25 12:00:00,25.8,32.7
2023-06-25 12:10:00,25.6,33.2
2023-06-25 12:20:00,25.7,33.0
2023-06-25 12:30:00,25.8,33.0
2023-06-25 12:40:00,25.8,33.7
2023-06-25 12:50:00,25.8,33.7
2023-06-25 13:00:00,25.8,33.5
2023-06-25 13:10:00,26.0,33.5
2023-06-25 13:20:00,26.4,33.3
2023-06-25 13:30:00,26.6,33.6
2023-06-25 13:40:00,26.4,33.7
2023-06-25 13:50:00,26.3,33.3
2023-06-25 14:00:00,26.2,33.5
2023-06-25 14:10:00,26.2,33.5
2023-06-25 14:20:00,26.1,33.8
2023-06-25 14:30:00,25.8,33.7
2023-06-25 14:40:00,25.7,33.3
2023-06-25 14:50:00,25.5,33.3
2023-06-25 15:00:00,25.5,33.2
2023-06-25 15:10:00,25.2,33.4
2023-06-25 15:20:00,25.5,33.3
2023-06-25 15:30:00,25.4,33.2
2023-06-25 15:40:00,25.2,33.3
2023-06-25 15:50:00,25.2,33.2
2023-06-25 16:00:00,24.9,33.0
2023-06-25 16:10:00,25.3,32.9
2023-06-25 16:20:00,25.1,33.1
2023-06-25 16:30:00,25.0,32.9
2023-06-25 16:40:00,25.2,32.8
2023-06-25 16:50:00,25.3,32.4
2023-06-25 17:00:00,25.1,32.3
2023-06-25 17:10:00,25.0,32.0
2023-06-25 17:20:00,25.1,31.8
2023-06-25 17:30:00,25.4,31.5
2023-06-25 17:40:00,26.0,31.2
2023-06-25 17:50:00,26.0,30.8
2023-06-25 18:00:00,25.8,30.6
2023-06-25 18:10:00,26.1,30.6
2023-06-25 18:20:00,26.2,30.1
2023-06-25 18:30:00,26.3,29.3
2023-06-25 18:40:00,26.2,29.1
2023-06-25 18:50:00,26.2,28.9
2023-06-25 19:00:00,25.7,28.1
2023-06-25 19:10:00,25.2,27.5
2023-06-25 19:20:00,24.8,27.0
2023-06-25 19:30:00,24.5,26.5
2023-06-25 19:40:00,24.3,26.1
2023-06-25 19:50:00,24.1,25.5
2023-06-25 20:00:00,23.1,24.8
2023-06-25 20:10:00,20.9,24.0
2023-06-25 20:20:00,19.3,23.2
2023-06-25 20:30:00,18.2,22.6
2023-06-25 20:40:00,17.4,21.9
2023-06-25 20:50:00,16.8,21.2
2023-06-25 21:00:00,16.1,20.9
2023-06-25 21:10:00,15.7,20.5
2023-06-25 21:20:00,15.4,20.2
2023-06-25 21:30:00,14.9,20.0
2023-06-25 21:40:00,14.5,19.8
2023-06-25 21:50:00,14.3,19.6
2023-06-25 22:00:00,14.1,19.3
2023-06-25 22:10:00,13.9,18.9
2023-06-25 22:20:00,13.6,18.5
2023-06-25 22:30:00,13.8,18.2
2023-06-25 22:40:00,14.5,17.9
2023-06-25 22:50:00,14.0,17.6
2023-06-25 23:00:00,14.5,17.1
2023-06-25 23:10:00,14.3,17.0
2023-06-25 23:20:00,14.2,17.0
2023-06-25 23:30:00,14.2,16.9
2023-06-25 23:40:00,13.9,16.6
2023-06-25 23:50:00,14.1,16.6
2023-06-26 00:00:00,14.1,16.4
2023-06-26 00:10:00,14.6,16.0
2023-06-26 00:20:00,14.2,15.6
2023-06-26 00:30:00,14.0,15.4
2023-06-26 00:40:00,14.5,15.4
2023-06-26 00:50:00,14.0,15.6
2023-06-26 01:00:00,14.4,15.6
2023-06-26 01:10:00,14.3,15.3
2023-06-26 01:20:00,13.9,15.0
2023-06-26 01:30:00,14.6,14.9
2023-06-26 01:40:00,13.7,14.7
2023-06-26 01:50:00,14.4,14.6
2023-06-26 02:00:00,14.3,14.6
2023-06-26 02:10:00,14.0,14.9
2023-06-26 02:20:00,14.6,14.6
2023-06-26 02:30:00,13.5,14.3
2023-06-26 02:40:00,14.4,14.5
2023-06-26 02:50:00,13.8,14.5
2023-06-26 03:00:00,14.4,14.4
2023-06-26 03:10:00,14.1,14.4
2023-06-26 03:20:00,13.9,14.4
2023-06-26 03:30:00,14.5,14.2
2023-06-26 03:40:00,14.1,13.6
2023-06-26 03:50:00,14.5,13.4
2023-06-26 04:00:00,14.7,13.4
2023-06-26 04:10:00,14.3,13.4
2023-06-26 04:20:00,15.1,13.7
2023-06-26 04:30:00,14.5,13.7
2023-06-26 04:40:00,14.7,13.9
2023-06-26 04:50:00,14.7,13.9
2023-06-26 05:00:00,14.9,13.9
2023-06-26 05:10:00,14.6,13.9
2023-06-26 05:20:00,14.7,13.6
2023-06-26 05:30:00,15.0,13.4
2023-06-26 05:40:00,14.6,13.5
2023-06-26 05:50:00,15.0,13.5
2023-06-26 06:00:00,15.7,13.6
2023-06-26 06:10:00,16.0,13.6
2023-06-26 06:20:00,16.3,13.6
2023-06-26 06:30:00,16.5,14.3
2023-06-26 06:40:00,16.8,15.2
2023-06-26 06:50:00,16.9,16.1
2023-06-26 07:00:00,17.6,17.0
2023-06-26 07:10:00,18.6,17.6
2023-06-26 07:20:00,19.2,18.6
2023-06-26 07:30:00,19.7,19.9
2023-06-26 07:40:00,20.0,21.15
2023-06-26 07:50:00,20.3,22.4
2023-06-26 08:00:00,20.7,23.3
2023-06-26 08:10:00,21.0,24.1
2023-06-26 08:20:00,21.2,24.9
2023-06-26 08:30:00,21.4,25.8
2023-06-26 08:40:00,21.5,26.4
2023-06-26 08:50:00,21.8,27.0
2023-06-26 09:00:00,21.1,27.4
2023-06-26 09:10:00,21.5,27.8
2023-06-26 09:20:00,21.9,28.2
2023-06-26 09:30:00,22.4,28.4
2023-06-26 09:40:00,22.8,28.5
2023-06-26 09:50:00,23.1,29.2
2023-06-26 10:00:00,23.4,29.2
2023-06-26 10:10:00,23.5,29.1
2023-06-26 10:20:00,23.7,29.2
2023-06-26 10:30:00,23.9,29.4
2023-06-26 10:40:00,24.1,29.3
2023-06-26 10:50:00,24.2,30.0
2023-06-26 11:00:00,24.6,29.9
2023-06-26 11:10:00,24.8,30.2
2023-06-26 11:20:00,24.9,30.0
2023-06-26 11:30:00,25.0,30.4
2023-06-26 11:40:00,25.1,30.4
2023-06-26 11:50:00,25.3,31.4
2023-06-26 12:00:00,25.5,31.1
2023-06-26 12:10:00,25.5,31.5
2023-06-26 12:20:00,25.6,30.9
2023-06-26 12:30:00,25.5,31.4
2023-06-26 12:40:00,25.4,31.4
2023-06-26 12:50:00,25.7,31.9
2023-06-26 13:00:00,25.6,32.2
2023-06-26 13:10:00,25.5,31.5
2023-06-26 13:20:00,25.7,31.8
2023-06-26 13:30:00,25.5,31.6
2023-06-26 13:40:00,25.6,31.7
2023-06-26 13:50:00,25.6,31.8
2023-06-26 14:00:00,25.6,32.3
2023-06-26 14:10:00,25.5,32.1
2023-06-26 14:20:00,25.4,32.3
2023-06-26 14:30:00,25.4,32.7
2023-06-26 14:40:00,25.4,32.3
2023-06-26 14:50:00,25.6,32.0
2023-06-26 15:00:00,25.2,32.0
2023-06-26 15:10:00,25.3,31.7
2023-06-26 15:20:00,25.3,31.5
2023-06-26 15:30:00,25.3,31.7
2023-06-26 15:40:00,25.2,31.6
2023-06-26 15:50:00,25.3,31.4
2023-06-26 16:00:00,25.2,31.2
2023-06-26 16:10:00,25.0,31.1
2023-06-26 16:20:00,24.9,31.1
2023-06-26 16:30:00,24.5,30.8
2023-06-26 16:40:00,24.5,30.5
2023-06-26 16:50:00,24.2,30.5
2023-06-26 17:00:00,24.2,30.3
2023-06-26 17:10:00,24.6,30.3
2023-06-26 17:20:00,24.6,29.9
2023-06-26 17:30:00,25.3,29.7
2023-06-26 17:40:00,25.6,29.6
2023-06-26 17:50:00,25.9,29.4
2023-06-26 18:00:00,25.9,29.1
2023-06-26 18:10:00,26.0,29.0
2023-06-26 18:20:00,26.0,28.8
2023-06-26 18:30:00,25.7,28.5
2023-06-26 18:40:00,25.5,28.0
2023-06-26 18:50:00,25.4,27.4
2023-06-26 19:00:00,24.9,26.6
2023-06-26 19:10:00,24.3,26.0
2023-06-26 19:20:00,23.9,25.4
2023-06-26 19:30:00,23.6,24.9
2023-06-26 19:40:00,23.3,24.3
2023-06-26 19:50:00,23.2,23.6
2023-06-26 20:00:00,22.3,23.0
2023-06-26 20:10:00,20.0,22.6
2023-06-26 20:20:00,18.4,21.9
2023-06-26 20:30:00,17.3,21.0
2023-06-26 20:40:00,16.4,20.4
2023-06-26 20:50:00,15.8,19.8
2023-06-26 21:00:00,15.1,19.3
2023-06-26 21:10:00,14.6,19.1
2023-06-26 21:20:00,14.2,18.9
2023-06-26 21:30:00,13.9,18.8
2023-06-26 21:40:00,13.6,18.4
2023-06-26 21:50:00,13.4,18.2
2023-06-26 22:00:00,14.5,18.0
2023-06-26 22:10:00,13.6,17.9
2023-06-26 22:20:00,14.3,17.7
2023-06-26 22:30:00,14.1,17.4
2023-06-26 22:40:00,14.1,17.1
2023-06-26 22:50:00,14.2,17.0
2023-06-26 23:00:00,14.0,16.9
2023-06-26 23:10:00,14.3,16.5
2023-06-26 23:20:00,14.7,16.2
2023-06-26 23:30:00,14.0,16.3
2023-06-26 23:40:00,14.8,16.3
2023-06-26 23:50:00,14.5,16.5
2023-06-27 00:00:00,14.1,16.6
2023-06-27 00:10:00,14.7,16.3
2023-06-27 00:20:00,14.4,16.3
2023-06-27 00:30:00,14.0,16.2
2023-06-27 00:40:00,14.6,16.5
2023-06-27 00:50:00,14.1,16.4
2023-06-27 01:00:00,14.5,16.2
2023-06-27 01:10:00,14.7,16.4
2023-06-27 01:20:00,14.3,16.5
2023-06-27 01:30:00,14.6,16.6
2023-06-27 01:40:00,14.5,16.7
2023-06-27 01:50:00,14.1,16.7
2023-06-27 02:00:00,14.7,16.5
2023-06-27 02:10:00,14.2,16.2
2023-06-27 02:20:00,14.5,15.9
2023-06-27 02:30:00,14.4,15.6
2023-06-27 02:40:00,14.5,15.7
2023-06-27 02:50:00,15.0,15.7
2023-06-27 03:00:00,14.6,15.6
2023-06-27 03:10:00,14.6,15.3
2023-06-27 03:20:00,15.1,14.9
2023-06-27 03:30:00,14.4,14.6
2023-06-27 03:40:00,15.0,14.4
2023-06-27 03:50:00,14.6,14.1
2023-06-27 04:00:00,14.8,14.2
2023-06-27 04:10:00,14.7,14.2
2023-06-27 04:20:00,14.8,14.2
2023-06-27 04:30:00,15.1,13.9
2023-06-27 04:40:00,14.8,13.6
2023-06-27 04:50:00,15.2,13.5
2023-06-27 05:00:00,14.8,13.5
2023-06-27 05:10:00,15.2,13.5
2023-06-27 05:20:00,14.4,13.4
2023-06-27 05:30:00,15.0,13.3
2023-06-27 05:40:00,15.0,13.0
2023-06-27 05:50:00,14.7,12.7
2023-06-27 06:00:00,15.5,12.8
2023-06-27 06:10:00,15.8,13.3
2023-06-27 06:20:00,16.1,13.9
2023-06-27 06:30:00,16.3,14.5
2023-06-27 06:40:00,16.5,15.2
2023-06-27 06:50:00,16.7,15.6
2023-06-27 07:00:00,17.4,16.5
2023-06-27 07:10:00,18.4,17.4
2023-06-27 07:20:00,19.1,18.5
2023-06-27 07:30:00,19.4,19.7
2023-06-27 07:40:00,19.9,20.7
2023-06-27 07:50:00,20.2,21.5
2023-06-27 08:00:00,20.6,22.6
2023-06-27 08:10:00,20.9,23.8
2023-06-27 08:20:00,21.2,24.3
2023-06-27 08:30:00,21.4,24.9
2023-06-27 08:40:00,21.7,25.3
2023-06-27 08:50:00,21.9,25.8
2023-06-27 09:00:00,22.1,26.3
2023-06-27 09:10:00,22.3,26.5
2023-06-27 09:20:00,22.6,26.6
2023-06-27 09:30:00,22.8,27.0
2023-06-27 09:40:00,23.0,27.3
2023-06-27 09:50:00,23.2,27.4
2023-06-27 10:00:00,23.5,27.7
2023-06-27 10:10:00,23.8,28.0
2023-06-27 10:20:00,23.9,28.7
2023-06-27 10:30:00,24.0,29.2
2023-06-27 10:40:00,24.2,29.4
2023-06-27 10:50:00,24.5,29.6
2023-06-27 11:00:00,25.1,29.8
2023-06-27 11:10:00,25.4,30.0
2023-06-27 11:20:00,25.3,30.1
2023-06-27 11:30:00,25.5,30.1
2023-06-27 11:40:00,25.3,30.3
2023-06-27 11:50:00,25.7,31.0
2023-06-27 12:00:00,25.6,31.3
2023-06-27 12:10:00,25.6,31.3
2023-06-27 12:20:00,25.7,31.7
2023-06-27 12:30:00,26.0,31.8
2023-06-27 12:40:00,26.2,32.1
2023-06-27 12:50:00,26.4,32.3
2023-06-27 13:00:00,26.7,32.4
2023-06-27 13:10:00,26.9,32.9
2023-06-27 13:20:00,27.0,32.8
2023-06-27 13:30:00,27.0,32.7
2023-06-27 13:40:00,26.7,32.8
2023-06-27 13:50:00,26.7,32.7
2023-06-27 14:00:00,26.7,32.7
2023-06-27 14:10:00,26.3,32.6
2023-06-27 14:20:00,26.2,32.8
2023-06-27 14:30:00,25.6,32.6
2023-06-27 14:40:00,25.2,32.4
2023-06-27 14:50:00,24.7,32.1
2023-06-27 15:00:00,24.9,32.0
2023-06-27 15:10:00,24.7,32.2
2023-06-27 15:20:00,24.5,32.0
2023-06-27 15:30:00,24.5,32.0
2023-06-27 15:40:00,24.3,31.7
2023-06-27 15:50:00,24.5,31.4
2023-06-27 16:00:00,24.7,31.3
2023-06-27 16:10:00,24.6,31.1
2023-06-27 16:20:00,24.7,31.1
2023-06-27 16:30:00,25.0,30.8
2023-06-27 16:40:00,24.8,30.8
2023-06-27 16:50:00,24.8,30.8
2023-06-27 17:00:00,24.9,30.6
2023-06-27 17:10:00,25.0,30.4
2023-06-27 17:20:00,25.1,30.3
2023-06-27 17:30:00,24.9,30.2
2023-06-27 17:40:00,25.6,30.0
2023-06-27 17:50:00,25.3,29.8
2023-06-27 18:00:00,25.7,29.5
2023-06-27 18:10:00,25.2,29.0
2023-06-27 18:20:00,25.6,28.5
2023-06-27 18:30:00,25.8,28.1
2023-06-27 18:40:00,25.9,28.0
2023-06-27 18:50:00,25.7,27.9
2023-06-27 19:00:00,25.4,27.2
2023-06-27 19:10:00,24.8,26.6
2023-06-27 19:20:00,24.4,26.2
2023-06-27 19:30:00,24.2,25.7
2023-06-27 19:40:00,24.0,25.3
2023-06-27 19:50:00,23.8,24.8
2023-06-27 20:00:00,23.0,24.3
2023-06-27 20:10:00,20.7,23.8
2023-06-27 20:20:00,19.1,23.3
2023-06-27 20:30:00,18.1,22.9
2023-06-27 20:40:00,17.3,22.3
2023-06-27 20:50:00,16.7,21.7
2023-06-27 21:00:00,16.1,21.3
2023-06-27 21:10:00,15.7,20.9
2023-06-27 21:20:00,15.4,20.8
2023-06-27 21:30:00,15.0,20.7
2023-06-27 21:40:00,14.6,20.3
2023-06-27 21:50:00,14.3,19.9
2023-06-27 22:00:00,14.0,19.6
2023-06-27 22:10:00,13.8,19.3
2023-06-27 22:20:00,13.6,19.0
2023-06-27 22:30:00,14.4,18.6
2023-06-27 22:40:00,14.4,18.6
2023-06-27 22:50:00,13.7,18.9
2023-06-27 23:00:00,14.6,18.5
2023-06-27 23:10:00,13.7,18.0
2023-06-27 23:20:00,14.5,17.6
2023-06-27 23:30:00,13.9,17.6
2023-06-27 23:40:00,14.5,17.4
2023-06-27 23:50:00,14.5,17.1
2023-06-28 00:00:00,14.2,16.8
2023-06-28 00:10:00,14.9,16.8
2023-06-28 00:20:00,14.4,16.6
2023-06-28 00:30:00,14.4,16.4
2023-06-28 00:40:00,14.7,16.3
2023-06-28 00:50:00,14.3,16.1
2023-06-28 01:00:00,14.6,16.0
2023-06-28 01:10:00,14.9,15.8
2023-06-28 01:20:00,14.7,15.9
2023-06-28 01:30:00,14.4,15.7
2023-06-28 01:40:00,14.9,15.6
2023-06-28 01:50:00,14.6,15.9
2023-06-28 02:00:00,14.5,15.9
2023-06-28 02:10:00,14.9,15.8
2023-06-28 02:20:00,14.4,15.9
2023-06-28 02:30:00,14.9,15.4
2023-06-28 02:40:00,14.8,14.9
2023-06-28 02:50:00,14.6,14.6
2023-06-28 03:00:00,15.0,14.7
2023-06-28 03:10:00,14.6,14.7
2023-06-28 03:20:00,14.6,14.5
2023-06-28 03:30:00,15.1,14.4
2023-06-28 03:40:00,14.6,14.0
2023-06-28 03:50:00,15.1,13.9
2023-06-28 04:00:00,14.6,13.7
2023-06-28 04:10:00,15.1,13.7
2023-06-28 04:20:00,14.6,13.8
2023-06-28 04:30:00,15.0,14.2
2023-06-28 04:40:00,14.7,13.9
2023-06-28 04:50:00,15.2,13.7
2023-06-28 05:00:00,14.8,13.4
2023-06-28 05:10:00,15.2,13.2
2023-06-28 05:20:00,14.7,13.3
2023-06-28 05:30:00,15.3,13.2
2023-06-28 05:40:00,14.7,13.4
2023-06-28 05:50:00,15.3,13.4
2023-06-28 06:00:00,15.8,13.3
2023-06-28 06:10:00,16.0,13.3
2023-06-28 06:20:00,16.3,13.8
2023-06-28 06:30:00,16.4,14.4
2023-06-28 06:40:00,16.6,15.2
2023-06-28 06:50:00,16.9,16.1
2023-06-28 07:00:00,17.5,16.8
2023-06-28 07:10:00,18.6,18.0
2023-06-28 07:20:00,19.2,19.2
2023-06-28 07:30:00,19.6,20.3
2023-06-28 07:40:00,20.0,20.9
2023-06-28 07:50:00,20.3,21.9
2023-06-28 08:00:00,20.7,23.2
2023-06-28 08:10:00,21.0,24.0
2023-06-28 08:20:00,21.3,24.5
2023-06-28 08:30:00,21.5,25.1
2023-06-28 08:40:00,21.8,25.5
2023-06-28 08:50:00,22.1,25.7
2023-06-28 09:00:00,21.4,26.0
2023-06-28 09:10:00,21.9,26.6
2023-06-28 09:20:00,22.3,27.0
2023-06-28 09:30:00,22.8,27.2
2023-06-28 09:40:00,23.1,27.7
2023-06-28 09:50:00,23.3,28.1
2023-06-28 10:00:00,23.5,28.5
2023-06-28 10:10:00,23.7,28.8
2023-06-28 10:20:00,23.9,29.2
2023-06-28 10:30:00,24.1,29.5
2023-06-28 10:40:00,24.3,29.9
2023-06-28 10:50:00,24.4,30.1
2023-06-28 11:00:00,24.9,30.5
2023-06-28 11:10:00,25.1,30.8
2023-06-28 11:20:00,25.1,30.7
2023-06-28 11:30:00,25.1,30.6
2023-06-28 11:40:00,25.0,31.2
2023-06-28 11:50:00,25.3,31.5
2023-06-28 12:00:00,25.6,31.6
2023-06-28 12:10:00,25.7,31.6
2023-06-28 12:20:00,25.9,32.0
2023-06-28 12:30:00,25.9,32.0
2023-06-28 12:40:00,26.2,32.4
2023-06-28 12:50:00,26.5,32.5
2023-06-28 13:00:00,26.6,32.6
2023-06-28 13:10:00,26.5,33.0
2023-06-28 13:20:00,26.5,32.7
2023-06-28 13:30:00,26.8,32.3
2023-06-28 13:40:00,26.8,31.8
2023-06-28 13:50:00,26.7,31.7
2023-06-28 14:00:00,26.7,32.0
2023-06-28 14:10:00,26.7,31.6
2023-06-28 14:20:00,26.7,31.3
2023-06-28 14:30:00,26.8,31.2
2023-06-28 14:40:00,26.8,31.5
2023-06-28 14:50:00,26.7,31.5
2023-06-28 15:00:00,26.7,31.3
2023-06-28 15:10:00,26.4,30.8
2023-06-28 15:20:00,26.3,30.8
2023-06-28 15:30:00,26.2,31.0
2023-06-28 15:40:00,26.1,31.1
2023-06-28 15:50:00,26.0,31.0
2023-06-28 16:00:00,25.4,30.9
2023-06-28 16:10:00,25.0,30.9
2023-06-28 16:20:00,24.8,30.8
2023-06-28 16:30:00,24.7,30.8
2023-06-28 16:40:00,25.1,30.5
2023-06-28 16:50:00,24.8,30.1
2023-06-28 17:00:00,25.1,29.8
2023-06-28 17:10:00,25.0,29.6
2023-06-28 17:20:00,24.9,29.6
2023-06-28 17:30:00,25.1,29.4
2023-06-28 17:40:00,25.4,29.4
2023-06-28 17:50:00,25.0,29.2
2023-06-28 18:00:00,25.5,29.0
2023-06-28 18:10:00,25.3,28.7
2023-06-28 18:20:00,25.3,28.5
2023-06-28 18:30:00,25.6,28.3
2023-06-28 18:40:00,25.6,27.9
2023-06-28 18:50:00,25.6,27.5
2023-06-28 19:00:00,25.2,26.9
2023-06-28 19:10:00,24.7,26.3
2023-06-28 19:20:00,24.3,25.8
2023-06-28 19:30:00,24.0,25.4
2023-06-28 19:40:00,23.8,24.9
2023-06-28 19:50:00,23.6,24.4
2023-06-28 20:00:00,22.8,24.0
2023-06-28 20:10:00,20.6,23.4
2023-06-28 20:20:00,18.9,23.1
2023-06-28 20:30:00,17.9,22.5
2023-06-28 20:40:00,17.1,22.0
2023-06-28 20:50:00,16.5,21.4
2023-06-28 21:00:00,15.9,20.9
2023-06-28 21:10:00,15.6,20.3
2023-06-28 21:20:00,15.2,20.0
2023-06-28 21:30:00,14.9,19.6
2023-06-28 21:40:00,14.6,19.4
2023-06-28 21:50:00,14.2,19.4
2023-06-28 22:00:00,13.9,19.2
2023-06-28 22:10:00,13.7,18.9
2023-06-28 22:20:00,14.7,18.5
2023-06-28 22:30:00,13.9,18.3
2023-06-28 22:40:00,14.2,17.8
2023-06-28 22:50:00,14.3,17.4
2023-06-28 23:00:00,13.7,17.2
2023-06-28 23:10:00,14.6,17.2
2023-06-28 23:20:00,14.4,16.9
2023-06-28 23:30:00,14.3,16.8
2023-06-28 23:40:00,14.7,16.6
2023-06-28 23:50:00,14.5,16.4
2023-06-29 00:00:00,14.2,16.4
2023-06-29 00:10:00,14.8,16.6
2023-06-29 00:20:00,14.5,16.3
2023-06-29 00:30:00,14.2,16.2
2023-06-29 00:40:00,14.8,16.1
2023-06-29 00:50:00,14.5,16.6
2023-06-29 01:00:00,14.1,17.4
2023-06-29 01:10:00,14.8,17.8
2023-06-29 01:20:00,14.2,18.1
2023-06-29 01:30:00,14.3,18.3
2023-06-29 01:40:00,14.5,18.5
2023-06-29 01:50:00,13.9,18.7
2023-06-29 02:00:00,14.4,18.6
2023-06-29 02:10:00,14.3,18.6
2023-06-29 02:20:00,13.9,18.7
2023-06-29 02:30:00,14.2,19.0
2023-06-29 02:40:00,14.0,19.3
2023-06-29 02:50:00,14.4,19.6
2023-06-29 03:00:00,13.9,19.9
2023-06-29 03:10:00,14.4,19.9
2023-06-29 03:20:00,13.7,20.0
2023-06-29 03:30:00,14.2,19.9
2023-06-29 03:40:00,13.7,19.8
2023-06-29 03:50:00,14.1,19.7
2023-06-29 04:00:00,14.2,19.7
2023-06-29 04:10:00,13.9,19.3
2023-06-29 04:20:00,14.4,19.1
2023-06-29 04:30:00,14.0,18.9
2023-06-29 04:40:00,13.9,18.6
2023-06-29 04:50:00,14.4,18.4
2023-06-29 05:00:00,13.9,18.7
2023-06-29 05:10:00,14.4,18.8
2023-06-29 05:20:00,14.6,19.0
2023-06-29 05:30:00,13.8,19.0
2023-06-29 05:40:00,14.6,19.1
2023-06-29 05:50:00,14.2,19.0
2023-06-29 06:00:00,15.5,18.9
2023-06-29 06:10:00,16.1,18.7
2023-06-29 06:20:00,16.5,18.9
2023-06-29 06:30:00,16.8,19.0
2023-06-29 06:40:00,17.1,19.3
2023-06-29 06:50:00,17.5,19.6
2023-06-29 07:00:00,18.3,20.1
2023-06-29 07:10:00,19.4,20.5
2023-06-29 07:20:00,20.0,20.9
2023-06-29 07:30:00,20.5,21.3
2023-06-29 07:40:00,21.0,21.9
2023-06-29 07:50:00,21.3,22.4
2023-06-29 08:00:00,21.7,22.9
2023-06-29 08:10:00,21.8,23.3
2023-06-29 08:20:00,22.0,23.5
2023-06-29 08:30:00,22.2,24.0
2023-06-29 08:40:00,22.5,24.5
2023-06-29 08:50:00,22.7,25.0
2023-06-29 09:00:00,22.8,25.3
2023-06-29 09:10:00,23.0,25.7
2023-06-29 09:20:00,23.1,26.0
2023-06-29 09:30:00,23.3,26.3
2023-06-29 09:40:00,23.5,26.8
2023-06-29 09:50:00,23.8,27.2
2023-06-29 10:00:00,24.0,27.6
2023-06-29 10:10:00,24.2,27.9
2023-06-29 10:20:00,24.4,28.3
2023-06-29 10:30:00,24.7,28.7
2023-06-29 10:40:00,25.0,28.7
2023-06-29 10:50:00,25.3,29.0
2023-06-29 11:00:00,25.7,29.3
2023-06-29 11:10:00,26.1,30.0
2023-06-29 11:20:00,26.3,30.0
2023-06-29 11:30:00,26.4,30.4
2023-06-29 11:40:00,26.6,30.6
2023-06-29 11:50:00,26.7,30.8
2023-06-29 12:00:00,26.7,31.1
2023-06-29 12:10:00,26.6,31.1
2023-06-29 12:20:00,26.9,31.5
2023-06-29 12:30:00,27.0,31.5
2023-06-29 12:40:00,27.2,32.0
2023-06-29 12:50:00,27.3,31.7
2023-06-29 13:00:00,27.4,31.2
2023-06-29 13:10:00,27.4,31.5
2023-06-29 13:20:00,27.5,31.5
2023-06-29 13:30:00,27.4,31.2
2023-06-29 13:40:00,27.5,31.1
2023-06-29 13:50:00,27.4,31.3
2023-06-29 14:00:00,27.3,31.2
2023-06-29 14:10:00,27.4,30.9
2023-06-29 14:20:00,27.5,30.4
2023-06-29 14:30:00,27.5,30.7
2023-06-29 14:40:00,27.4,30.8
2023-06-29 14:50:00,27.3,30.9
2023-06-29 15:00:00,27.3,30.6
2023-06-29 15:10:00,27.2,30.6
2023-06-29 15:20:00,27.2,30.6
2023-06-29 15:30:00,27.2,31.0
2023-06-29 15:40:00,27.1,30.7
2023-06-29 15:50:00,27.1,30.2
2023-06-29 16:00:00,27.0,30.4
2023-06-29 16:10:00,27.1,30.0
2023-06-29 16:20:00,27.0,29.9
2023-06-29 16:30:00,26.8,29.8
2023-06-29 16:40:00,26.8,29.7
2023-06-29 16:50:00,26.7,29.5
2023-06-29 17:00:00,26.8,29.2
2023-06-29 17:10:00,26.6,29.0
2023-06-29 17:20:00,26.3,28.8
2023-06-29 17:30:00,26.4,28.9
2023-06-29 17:40:00,26.4,28.8
2023-06-29 17:50:00,26.3,28.6
2023-06-29 18:00:00,26.4,28.5
2023-06-29 18:10:00,26.3,28.0
2023-06-29 18:20:00,26.2,27.6
2023-06-29 18:30:00,26.2,27.3
2023-06-29 18:40:00,26.1,27.0
2023-06-29 18:50:00,26.1,26.6
2023-06-29 19:00:00,25.7,26.1
2023-06-29 19:10:00,25.2,25.7
2023-06-29 19:20:00,24.9,25.3
2023-06-29 19:30:00,24.5,25.0
2023-06-29 19:40:00,24.3,24.6
2023-06-29 19:50:00,24.1,24.3
2023-06-29 20:00:00,23.5,23.9
2023-06-29 20:10:00,21.1,23.6
2023-06-29 20:20:00,19.6,23.3
2023-06-29 20:30:00,18.5,23.0
2023-06-29 20:40:00,17.7,22.8
2023-06-29 20:50:00,17.0,22.5
2023-06-29 21:00:00,16.4,22.2
2023-06-29 21:10:00,16.0,21.5
2023-06-29 21:20:00,15.8,20.9
2023-06-29 21:30:00,15.4,20.6
2023-06-29 21:40:00,15.0,20.5
2023-06-29 21:50:00,14.8,20.5
2023-06-29 22:00:00,14.6,20.4
2023-06-29 22:10:00,14.4,20.4
2023-06-29 22:20:00,14.1,20.4
2023-06-29 22:30:00,14.0,20.5
2023-06-29 22:40:00,13.8,20.7
2023-06-29 22:50:00,13.7,20.7
2023-06-29 23:00:00,13.7,20.8
2023-06-29 23:10:00,13.6,20.9
2023-06-29 23:20:00,13.5,20.9
2023-06-29 23:30:00,13.6,20.8
2023-06-29 23:40:00,13.6,20.7
2023-06-29 23:50:00,13.5,20.6
2023-06-30 00:00:00,13.3,20.5
2023-06-30 00:10:00,13.2,20.5
2023-06-30 00:20:00,13.2,20.4
2023-06-30 00:30:00,14.4,20.4
2023-06-30 00:40:00,13.7,20.1
2023-06-30 00:50:00,13.3,19.9
2023-06-30 01:00:00,14.2,19.7
2023-06-30 01:10:00,13.7,19.5
2023-06-30 01:20:00,13.2,19.5
2023-06-30 01:30:00,14.2,19.3
2023-06-30 01:40:00,13.6,19.3
2023-06-30 01:50:00,14.4,19.1
2023-06-30 02:00:00,13.3,18.7
2023-06-30 02:10:00,14.4,18.5
2023-06-30 02:20:00,13.6,18.2
2023-06-30 02:30:00,14.6,18.0
2023-06-30 02:40:00,13.6,17.8
2023-06-30 02:50:00,14.4,17.7
2023-06-30 03:00:00,13.9,17.9
2023-06-30 03:10:00,14.2,17.9
2023-06-30 03:20:00,14.0,18.3
2023-06-30 03:30:00,13.9,18.7
2023-06-30 03:40:00,14.0,19.0
2023-06-30 03:50:00,14.0,19.1
2023-06-30 04:00:00,13.8,19.1
2023-06-30 04:10:00,13.9,19.0
2023-06-30 04:20:00,13.9,19.0
2023-06-30 04:30:00,13.8,19.0
2023-06-30 04:40:00,14.4,19.0
2023-06-30 04:50:00,13.7,19.1
2023-06-30 05:00:00,14.5,19.0
2023-06-30 05:10:00,14.3,18.5
2023-06-30 05:20:00,14.1,17.9
2023-06-30 05:30:00,14.5,18.0
2023-06-30 05:40:00,13.9,17.9
2023-06-30 05:50:00,14.3,17.5
2023-06-30 06:00:00,14.2,17.4
2023-06-30 06:10:00,15.4,17.3
2023-06-30 06:20:00,16.1,17.7
2023-06-30 06:30:00,16.5,18.0
2023-06-30 06:40:00,16.9,18.2
2023-06-30 06:50:00,17.2,18.9
2023-06-30 07:00:00,18.0,19.5
2023-06-30 07:10:00,19.0,20.1
2023-06-30 07:20:00,19.6,20.7
2023-06-30 07:30:00,20.1,21.4
2023-06-30 07:40:00,20.6,22.6
2023-06-30 07:50:00,20.9,23.4
2023-06-30 08:00:00,21.2,23.9
2023-06-30 08:10:00,21.5,23.9
2023-06-30 08:20:00,21.8,24.5
2023-06-30 08:30:00,21.9,24.8
2023-06-30 08:40:00,22.0,25.1
2023-06-30 08:50:00,22.4,25.0
2023-06-30 09:00:00,21.5,25.4
2023-06-30 09:10:00,22.1,26.0
2023-06-30 09:20:00,22.4,26.0
2023-06-30 09:30:00,22.9,26.6
2023-06-30 09:40:00,23.1,27.2
2023-06-30 09:50:00,23.3,27.4
2023-06-30 10:00:00,23.6,27.9
2023-06-30 10:10:00,23.8,28.0
2023-06-30 10:20:00,23.9,28.3
2023-06-30 10:30:00,24.0,28.7
2023-06-30 10:40:00,24.2,29.2
2023-06-30 10:50:00,24.5,29.2
2023-06-30 11:00:00,25.0,29.5
2023-06-30 11:10:00,25.3,29.8
2023-06-30 11:20:00,25.4,30.6
2023-06-30 11:30:00,25.4,30.4
2023-06-30 11:40:00,25.3,30.1
2023-06-30 11:50:00,25.5,31.0
2023-06-30 12:00:00,25.5,31.2
2023-06-30 12:10:00,25.4,31.2
2023-06-30 12:20:00,25.7,31.3
2023-06-30 12:30:00,25.7,31.4
2023-06-30 12:40:00,25.9,31.7
2023-06-30 12:50:00,26.1,31.5
2023-06-30 13:00:00,26.1,31.4
2023-06-30 13:10:00,26.1,31.4
2023-06-30 13:20:00,26.0,32.0
2023-06-30 13:30:00,26.2,31.7
2023-06-30 13:40:00,26.2,31.8
2023-06-30 13:50:00,26.3,32.1
2023-06-30 14:00:00,26.4,31.6
2023-06-30 14:10:00,26.4,31.6
2023-06-30 14:20:00,26.4,31.4
2023-06-30 14:30:00,26.4,31.2
2023-06-30 14:40:00,26.4,31.9
2023-06-30 14:50:00,26.4,31.7
2023-06-30 15:00:00,26.4,31.4
2023-06-30 15:10:00,26.5,30.8
2023-06-30 15:20:00,26.5,30.6
2023-06-30 15:30:00,26.5,30.7
2023-06-30 15:40:00,26.4,30.5
2023-06-30 15:50:00,26.3,30.7
2023-06-30 16:00:00,26.3,30.4
2023-06-30 16:10:00,26.2,29.9
2023-06-30 16:20:00,26.1,29.9
2023-06-30 16:30:00,25.8,29.9
2023-06-30 16:40:00,25.4,29.7
2023-06-30 16:50:00,25.5,29.7
2023-06-30 17:00:00,25.6,29.5
2023-06-30 17:10:00,25.6,29.4
2023-06-30 17:20:00,25.6,29.4
2023-06-30 17:30:00,25.5,29.3
2023-06-30 17:40:00,25.7,29.1
2023-06-30 17:50:00,25.5,29.1
2023-06-30 18:00:00,25.8,28.8
2023-06-30 18:10:00,25.7,28.4
2023-06-30 18:20:00,25.7,28.1
2023-06-30 18:30:00,25.9,27.8
2023-06-30 18:40:00,25.9,27.4
2023-06-30 18:50:00,25.9,27.0
2023-06-30 19:00:00,25.5,26.4
2023-06-30 19:10:00,25.0,25.8
2023-06-30 19:20:00,24.6,25.4
2023-06-30 19:30:00,24.3,25.0
2023-06-30 19:40:00,24.1,24.6
2023-06-30 19:50:00,23.9,24.3
2023-06-30 20:00:00,23.4,23.9
2023-06-30 20:10:00,20.8,23.6
2023-06-30 20:20:00,19.1,23.3
2023-06-30 20:30:00,18.0,22.9
2023-06-30 20:40:00,17.3,22.6
2023-06-30 20:50:00,16.7,22.2
2023-06-30 21:00:00,16.2,21.6
2023-06-30 21:10:00,15.8,21.0
2023-06-30 21:20:00,15.4,20.7
2023-06-30 21:30:00,15.0,20.4
2023-06-30 21:40:00,14.8,20.2
2023-06-30 21:50:00,14.5,20.1
2023-06-30 22:00:00,14.3,19.9
2023-06-30 22:10:00,14.0,19.7
2023-06-30 22:20:00,13.8,19.5
2023-06-30 22:30:00,14.1,19.3
2023-06-30 22:40:00,14.6,19.2
2023-06-30 22:50:00,14.1,19.3
2023-06-30 23:00:00,14.6,19.6
2023-06-30 23:10:00,13.7,19.8
2023-06-30 23:20:00,14.4,19.9
2023-06-30 23:30:00,13.9,19.6
2023-06-30 23:40:00,14.2,19.4
2023-06-30 23:50:00,14.0,19.1
2023-07-01 00:00:00,14.2,18.7
2023-07-01 00:10:00,14.2,18.3
2023-07-01 00:20:00,13.5,17.9
2023-07-01 00:30:00,14.1,17.7
2023-07-01 00:40:00,14.0,17.6
2023-07-01 00:50:00,14.6,17.4
2023-07-01 01:00:00,14.3,17.4
2023-07-01 01:10:00,14.1,17.5
2023-07-01 01:20:00,14.5,17.6
2023-07-01 01:30:00,13.9,17.2
2023-07-01 01:40:00,14.5,17.0
2023-07-01 01:50:00,14.0,16.9
2023-07-01 02:00:00,14.4,16.7
2023-07-01 02:10:00,14.6,16.6
2023-07-01 02:20:00,13.7,16.6
2023-07-01 02:30:00,14.6,16.5
2023-07-01 02:40:00,13.8,16.7
2023-07-01 02:50:00,14.7,16.9
2023-07-01 03:00:00,14.5,16.7
2023-07-01 03:10:00,14.0,17.2
2023-07-01 03:20:00,14.7,17.2
2023-07-01 03:30:00,14.1,17.1
2023-07-01 03:40:00,14.2,17.2
2023-07-01 03:50:00,14.2,17.5
2023-07-01 04:00:00,13.8,17.7
2023-07-01 04:10:00,14.3,17.9
2023-07-01 04:20:00,14.0,18.2
2023-07-01 04:30:00,13.9,18.4
2023-07-01 04:40:00,14.5,18.6
2023-07-01 04:50:00,13.6,18.7
2023-07-01 05:00:00,14.5,18.6
2023-07-01 05:10:00,13.9,18.5
2023-07-01 05:20:00,14.1,18.4
2023-07-01 05:30:00,14.5,18.4
2023-07-01 05:40:00,14.3,18.6
2023-07-01 05:50:00,14.3,18.6
2023-07-01 06:00:00,14.4,18.5
2023-07-01 06:10:00,15.4,18.7
2023-07-01 06:20:00,16.1,18.8
2023-07-01 06:30:00,16.7,18.9
2023-07-01 06:40:00,17.0,19.1
2023-07-01 06:50:00,17.3,19.4
2023-07-01 07:00:00,18.1,19.9
2023-07-01 07:10:00,19.1,20.9
2023-07-01 07:20:00,19.8,21.6
2023-07-01 07:30:00,20.3,22.0
2023-07-01 07:40:00,20.9,23.0
2023-07-01 07:50:00,21.3,23.7
2023-07-01 08:00:00,21.5,24.3
2023-07-01 08:10:00,21.7,24.8
2023-07-01 08:20:00,21.9,25.1
2023-07-01 08:30:00,22.1,25.0
2023-07-01 08:40:00,22.4,25.1
2023-07-01 08:50:00,22.6,25.7
2023-07-01 09:00:00,22.8,26.0
2023-07-01 09:10:00,23.0,26.4
2023-07-01 09:20:00,23.2,26.6
2023-07-01 09:30:00,23.4,27.3
2023-07-01 09:40:00,23.6,27.4
2023-07-01 09:50:00,23.9,27.8
2023-07-01 10:00:00,24.2,28.3
2023-07-01 10:10:00,24.5,28.7
2023-07-01 10:20:00,24.6,29.0
2023-07-01 10:30:00,24.5,29.2
2023-07-01 10:40:00,24.8,29.4
2023-07-01 10:50:00,25.1,29.9
2023-07-01 11:00:00,25.6,30.2
2023-07-01 11:10:00,26.0,30.1
2023-07-01 11:20:00,26.1,30.3
2023-07-01 11:30:00,26.1,30.9
2023-07-01 11:40:00,26.2,30.9
2023-07-01 11:50:00,26.2,30.7
2023-07-01 12:00:00,26.4,31.1
2023-07-01 12:10:00,26.4,32.0
2023-07-01 12:20:00,26.5,31.9
2023-07-01 12:30:00,26.7,32.4
2023-07-01 12:40:00,27.0,32.2
2023-07-01 12:50:00,27.0,32.4
2023-07-01 13:00:00,27.1,33.0
2023-07-01 13:10:00,27.1,33.1
2023-07-01 13:20:00,27.0,32.8
2023-07-01 13:30:00,27.2,32.4
2023-07-01 13:40:00,27.2,31.9
2023-07-01 13:50:00,27.1,32.3
2023-07-01 14:00:00,27.1,32.3
2023-07-01 14:10:00,27.1,32.3
2023-07-01 14:20:00,27.2,32.1
2023-07-01 14:30:00,27.1,32.4
2023-07-01 14:40:00,27.0,32.5
2023-07-01 14:50:00,27.0,32.4
2023-07-01 15:00:00,27.0,32.0
2023-07-01 15:10:00,27.0,32.0
2023-07-01 15:20:00,27.0,31.8
2023-07-01 15:30:00,26.9,31.5
2023-07-01 15:40:00,27.1,31.4
2023-07-01 15:50:00,26.9,31.5
2023-07-01 16:00:00,26.8,31.5
2023-07-01 16:10:00,26.5,31.4
2023-07-01 16:20:00,26.6,31.4
2023-07-01 16:30:00,26.6,31.0
2023-07-01 16:40:00,26.6,31.3
2023-07-01 16:50:00,26.6,31.2
2023-07-01 17:00:00,26.4,30.9
2023-07-01 17:10:00,26.3,30.8
2023-07-01 17:20:00,26.4,30.4
2023-07-01 17:30:00,26.4,30.2
2023-07-01 17:40:00,26.4,30.1
2023-07-01 17:50:00,26.6,29.8
2023-07-01 18:00:00,26.6,29.4
2023-07-01 18:10:00,26.8,29.0
2023-07-01 18:20:00,27.0,28.9
2023-07-01 18:30:00,26.8,28.5
2023-07-01 18:40:00,26.8,28.1
2023-07-01 18:50:00,26.7,27.8
2023-07-01 19:00:00,26.4,27.2
2023-07-01 19:10:00,25.8,26.7
2023-07-01 19:20:00,25.4,26.3
2023-07-01 19:30:00,25.0,25.9
2023-07-01 19:40:00,24.8,25.5
2023-07-01 19:50:00,24.7,25.1
2023-07-01 20:00:00,23.9,24.8
2023-07-01 20:10:00,21.8,24.4
2023-07-01 20:20:00,20.2,24.1
2023-07-01 20:30:00,19.0,23.8
2023-07-01 20:40:00,18.2,23.5
2023-07-01 20:50:00,17.6,23.2
2023-07-01 21:00:00,17.1,22.8
2023-07-01 21:10:00,16.8,22.5
2023-07-01 21:20:00,16.4,22.3
2023-07-01 21:30:00,16.1,21.7
2023-07-01 21:40:00,15.8,21.8
2023-07-01 21:50:00,15.6,21.4
2023-07-01 22:00:00,15.3,21.1
2023-07-01 22:10:00,15.1,21.0
2023-07-01 22:20:00,14.9,20.8
2023-07-01 22:30:00,14.6,20.6
2023-07-01 22:40:00,14.3,20.6
2023-07-01 22:50:00,14.1,20.6
2023-07-01 23:00:00,14.0,20.6
2023-07-01 23:10:00,13.9,20.6
2023-07-01 23:20:00,13.7,20.8
2023-07-01 23:30:00,13.6,21.0
2023-07-01 23:40:00,13.5,21.1
2023-07-01 23:50:00,14.3,21.3
2023-07-02 00:00:00,14.1,21.4
2023-07-02 00:10:00,13.5,21.5
2023-07-02 00:20:00,13.3,21.5
2023-07-02 00:30:00,13.3,21.6
2023-07-02 00:40:00,13.3,21.5
2023-07-02 00:50:00,13.3,21.4
2023-07-02 01:00:00,13.3,21.4
2023-07-02 01:10:00,13.3,21.4
2023-07-02 01:20:00,13.4,21.2
2023-07-02 01:30:00,13.3,21.1
2023-07-02 01:40:00,13.3,21.0
2023-07-02 01:50:00,13.2,20.7
2023-07-02 02:00:00,13.1,20.5
2023-07-02 02:10:00,13.0,20.3
2023-07-02 02:20:00,13.0,20.3
2023-07-02 02:30:00,12.9,20.2
2023-07-02 02:40:00,13.0,19.9
2023-07-02 02:50:00,13.0,20.2
2023-07-02 03:00:00,13.1,20.2
2023-07-02 03:10:00,13.1,20.1
2023-07-02 03:20:00,13.1,19.9
2023-07-02 03:30:00,14.1,19.7
2023-07-02 03:40:00,13.4,19.2
2023-07-02 03:50:00,14.0,18.9
2023-07-02 04:00:00,13.5,18.7
2023-07-02 04:10:00,14.1,18.5
2023-07-02 04:20:00,13.6,18.6
2023-07-02 04:30:00,14.3,18.8
2023-07-02 04:40:00,14.1,18.7
2023-07-02 04:50:00,13.9,18.6
2023-07-02 05:00:00,14.2,18.3
2023-07-02 05:10:00,13.7,18.3
2023-07-02 05:20:00,14.3,18.2
2023-07-02 05:30:00,13.6,18.1
2023-07-02 05:40:00,14.1,18.0
2023-07-02 05:50:00,14.0,18.1
2023-07-02 06:00:00,14.9,18.1
2023-07-02 06:10:00,15.9,18.4
2023-07-02 06:20:00,16.4,18.6
2023-07-02 06:30:00,16.8,18.9
2023-07-02 06:40:00,17.2,19.3
2023-07-02 06:50:00,17.5,19.6
2023-07-02 07:00:00,18.2,20.3
2023-07-02 07:10:00,19.2,20.8
2023-07-02 07:20:00,20.0,21.0
2023-07-02 07:30:00,20.4,21.2
2023-07-02 07:40:00,20.8,22.0
2023-07-02 07:50:00,21.2,23.1
2023-07-02 08:00:00,21.5,23.8
2023-07-02 08:10:00,21.8,24.0
2023-07-02 08:20:00,22.0,24.1
2023-07-02 08:30:00,22.2,23.9
2023-07-02 08:40:00,22.4,23.8
2023-07-02 08:50:00,22.6,24.0
2023-07-02 09:00:00,22.8,24.9
2023-07-02 09:10:00,23.0,24.7
2023-07-02 09:20:00,23.2,24.9
2023-07-02 09:30:00,23.4,25.1
2023-07-02 09:40:00,23.6,26.1
2023-07-02 09:50:00,23.9,26.5
2023-07-02 10:00:00,24.1,27.3
2023-07-02 10:10:00,24.3,27.6
2023-07-02 10:20:00,24.6,27.9
2023-07-02 10:30:00,24.8,28.0
2023-07-02 10:40:00,25.1,28.3
2023-07-02 10:50:00,25.5,28.1
2023-07-02 11:00:00,25.9,28.9
2023-07-02 11:10:00,26.1,29.1
2023-07-02 11:20:00,26.2,30.0
2023-07-02 11:30:00,26.4,29.9
2023-07-02 11:40:00,26.4,29.9
2023-07-02 11:50:00,26.5,30.0
2023-07-02 12:00:00,26.7,31.1
2023-07-02 12:10:00,26.7,30.6
2023-07-02 12:20:00,26.8,30.9
2023-07-02 12:30:00,26.9,30.9
2023-07-02 12:40:00,27.1,31.3
2023-07-02 12:50:00,27.2,31.2
2023-07-02 13:00:00,27.0,31.1
2023-07-02 13:10:00,27.1,31.1
2023-07-02 13:20:00,27.3,30.7
2023-07-02 13:30:00,27.2,30.8
2023-07-02 13:40:00,27.1,30.5
2023-07-02 13:50:00,27.1,30.7
2023-07-02 14:00:00,27.0,30.7
2023-07-02 14:10:00,27.1,31.1
2023-07-02 14:20:00,27.0,31.0
2023-07-02 14:30:00,27.0,31.6
2023-07-02 14:40:00,26.9,31.0
2023-07-02 14:50:00,26.8,30.9
2023-07-02 15:00:00,26.8,31.4
2023-07-02 15:10:00,26.7,31.1
2023-07-02 15:20:00,26.6,30.8
2023-07-02 15:30:00,26.7,30.5
2023-07-02 15:40:00,26.6,30.8
2023-07-02 15:50:00,26.6,31.1
2023-07-02 16:00:00,26.5,30.9
2023-07-02 16:10:00,26.4,31.0
2023-07-02 16:20:00,26.4,30.9
2023-07-02 16:30:00,26.3,30.7
2023-07-02 16:40:00,26.2,30.5
2023-07-02 16:50:00,26.2,30.0
2023-07-02 17:00:00,26.1,30.0
2023-07-02 17:10:00,26.1,29.8
2023-07-02 17:20:00,26.2,29.5
2023-07-02 17:30:00,26.4,29.2
2023-07-02 17:40:00,26.6,29.0
2023-07-02 17:50:00,26.4,28.8
2023-07-02 18:00:00,26.3,28.7
2023-07-02 18:10:00,26.4,28.3
2023-07-02 18:20:00,26.6,27.8
2023-07-02 18:30:00,26.6,27.7
2023-07-02 18:40:00,26.4,27.4
2023-07-02 18:50:00,26.2,26.9
2023-07-02 19:00:00,25.9,26.3
2023-07-02 19:10:00,25.3,25.7
2023-07-02 19:20:00,24.9,25.3
2023-07-02 19:30:00,24.7,24.9
2023-07-02 19:40:00,24.4,24.6
2023-07-02 19:50:00,24.2,24.1
2023-07-02 20:00:00,23.6,23.8
2023-07-02 20:10:00,21.2,23.5
2023-07-02 20:20:00,19.5,23.2
2023-07-02 20:30:00,18.4,22.9
2023-07-02 20:40:00,17.6,22.6
2023-07-02 20:50:00,17.0,22.4
2023-07-02 21:00:00,16.4,22.2
2023-07-02 21:10:00,16.0,22.0
2023-07-02 21:20:00,15.7,21.8
2023-07-02 21:30:00,15.4,21.5
2023-07-02 21:40:00,15.1,21.1
2023-07-02 21:50:00,14.9,20.5
2023-07-02 22:00:00,14.7,20.0
2023-07-02 22:10:00,14.5,19.8
2023-07-02 22:20:00,14.2,19.6
2023-07-02 22:30:00,14.0,19.4
2023-07-02 22:40:00,13.8,19.5
2023-07-02 22:50:00,13.7,19.5
2023-07-02 23:00:00,13.6,19.4
2023-07-02 23:10:00,13.5,19.0
2023-07-02 23:20:00,13.3,18.9
2023-07-02 23:30:00,14.3,18.8
2023-07-02 23:40:00,14.1,18.9
2023-07-02 23:50:00,13.4,19.2
2023-07-03 00:00:00,13.9,19.2
2023-07-03 00:10:00,14.2,19.1
2023-07-03 00:20:00,13.7,19.1
2023-07-03 00:30:00,14.5,19.0
2023-07-03 00:40:00,13.5,18.8
2023-07-03 00:50:00,14.3,18.6
2023-07-03 01:00:00,13.8,18.2
2023-07-03 01:10:00,13.5,17.9
2023-07-03 01:20:00,14.4,17.8
2023-07-03 01:30:00,14.2,17.6
2023-07-03 01:40:00,14.0,17.3
2023-07-03 01:50:00,14.5,17.0
2023-07-03 02:00:00,13.8,17.4
2023-07-03 02:10:00,14.6,17.3
2023-07-03 02:20:00,14.1,16.9
2023-07-03 02:30:00,14.3,16.8
2023-07-03 02:40:00,14.8,16.5
2023-07-03 02:50:00,14.1,16.4
2023-07-03 03:00:00,14.9,16.3
2023-07-03 03:10:00,14.5,16.2
2023-07-03 03:20:00,14.3,15.9
2023-07-03 03:30:00,14.9,15.7
2023-07-03 03:40:00,14.4,15.5
2023-07-03 03:50:00,14.5,15.3
2023-07-03 04:00:00,14.9,15.3
2023-07-03 04:10:00,14.5,15.5
2023-07-03 04:20:00,14.6,15.3
2023-07-03 04:30:00,14.9,15.3
2023-07-03 04:40:00,14.2,15.1
2023-07-03 04:50:00,14.9,15.0
2023-07-03 05:00:00,14.4,14.8
2023-07-03 05:10:00,14.5,14.8
2023-07-03 05:20:00,14.9,14.5
2023-07-03 05:30:00,14.3,14.3
2023-07-03 05:40:00,14.9,14.3
2023-07-03 05:50:00,14.4,14.2
2023-07-03 06:00:00,15.4,14.1
2023-07-03 06:10:00,15.8,14.3
2023-07-03 06:20:00,16.1,14.6
2023-07-03 06:30:00,16.4,15.3
2023-07-03 06:40:00,16.7,16.2
2023-07-03 06:50:00,16.9,17.3
2023-07-03 07:00:00,17.6,18.5
2023-07-03 07:10:00,18.6,19.4
2023-07-03 07:20:00,19.2,19.9
2023-07-03 07:30:00,19.8,20.5
2023-07-03 07:40:00,20.1,20.9
2023-07-03 07:50:00,20.5,21.6
2023-07-03 08:00:00,20.8,22.4
2023-07-03 08:10:00,21.1,23.2
2023-07-03 08:20:00,21.4,24.1
2023-07-03 08:30:00,21.7,24.4
2023-07-03 08:40:00,21.9,24.8
2023-07-03 08:50:00,22.1,25.5
2023-07-03 09:00:00,21.5,26.2
2023-07-03 09:10:00,21.7,26.5
2023-07-03 09:20:00,22.2,27.0
2023-07-03 09:30:00,22.7,27.5
2023-07-03 09:40:00,23.0,27.9
2023-07-03 09:50:00,23.2,27.9
2023-07-03 10:00:00,23.4,28.1
2023-07-03 10:10:00,23.7,28.9
2023-07-03 10:20:00,23.9,29.1
2023-07-03 10:30:00,23.7,29.7
2023-07-03 10:40:00,24.2,29.7
2023-07-03 10:50:00,24.4,30.3
2023-07-03 11:00:00,25.0,30.6
2023-07-03 11:10:00,25.3,30.6
2023-07-03 11:20:00,25.4,31.2
2023-07-03 11:30:00,25.4,31.6
2023-07-03 11:40:00,25.4,31.9
2023-07-03 11:50:00,25.5,31.4
2023-07-03 12:00:00,25.3,32.1
2023-07-03 12:10:00,25.5,32.4
2023-07-03 12:20:00,25.6,32.0
2023-07-03 12:30:00,25.9,32.0
2023-07-03 12:40:00,26.0,32.1
2023-07-03 12:50:00,26.0,32.6
2023-07-03 13:00:00,26.4,33.2
2023-07-03 13:10:00,26.5,33.0
2023-07-03 13:20:00,26.7,32.9
2023-07-03 13:30:00,27.0,33.7
2023-07-03 13:40:00,27.1,33.2
2023-07-03 13:50:00,27.2,33.3
2023-07-03 14:00:00,27.2,33.3
2023-07-03 14:10:00,27.3,33.7
2023-07-03 14:20:00,27.4,33.5
2023-07-03 14:30:00,27.3,33.2
2023-07-03 14:40:00,27.3,33.0
2023-07-03 14:50:00,27.4,33.2
2023-07-03 15:00:00,27.2,33.2
2023-07-03 15:10:00,27.1,32.9
2023-07-03 15:20:00,27.2,33.1
2023-07-03 15:30:00,27.1,32.9
2023-07-03 15:40:00,27.1,32.8
2023-07-03 15:50:00,27.0,32.9
2023-07-03 16:00:00,27.0,32.8
2023-07-03 16:10:00,26.9,32.7
2023-07-03 16:20:00,27.0,32.3
2023-07-03 16:30:00,27.0,31.8
2023-07-03 16:40:00,26.9,31.7
2023-07-03 16:50:00,26.9,31.7
2023-07-03 17:00:00,26.8,31.7
2023-07-03 17:10:00,26.7,31.4
2023-07-03 17:20:00,26.7,30.8
2023-07-03 17:30:00,26.5,30.6
2023-07-03 17:40:00,26.3,30.2
2023-07-03 17:50:00,26.5,29.9
2023-07-03 18:00:00,26.3,29.7
2023-07-03 18:10:00,26.4,29.4
2023-07-03 18:20:00,26.3,29.3
2023-07-03 18:30:00,26.3,29.0
2023-07-03 18:40:00,26.4,28.5
2023-07-03 18:50:00,26.4,28.3
2023-07-03 19:00:00,26.0,27.8
2023-07-03 19:10:00,25.5,27.2
2023-07-03 19:20:00,25.2,26.8
2023-07-03 19:30:00,24.9,26.5
2023-07-03 19:40:00,24.7,26.1
2023-07-03 19:50:00,24.7,25.7
2023-07-03 20:00:00,23.9,25.4
2023-07-03 20:10:00,21.8,25.0
2023-07-03 20:20:00,20.2,24.5
2023-07-03 20:30:00,19.2,24.2
2023-07-03 20:40:00,18.4,23.9
2023-07-03 20:50:00,17.8,23.4
2023-07-03 21:00:00,17.3,23.0
2023-07-03 21:10:00,16.9,22.7
2023-07-03 21:20:00,16.5,22.3
2023-07-03 21:30:00,16.2,22.1
2023-07-03 21:40:00,15.9,21.9
2023-07-03 21:50:00,15.5,21.6
2023-07-03 22:00:00,15.2,21.1
2023-07-03 22:10:00,15.0,20.8
2023-07-03 22:20:00,14.8,20.4
2023-07-03 22:30:00,14.7,20.1
2023-07-03 22:40:00,14.4,19.7
2023-07-03 22:50:00,14.1,19.3
2023-07-03 23:00:00,13.9,18.9
2023-07-03 23:10:00,13.5,18.5
2023-07-03 23:20:00,14.4,18.3
2023-07-03 23:30:00,14.2,18.2
2023-07-03 23:40:00,13.7,18.1
2023-07-03 23:50:00,14.5,18.5
2023-07-04 00:00:00,13.6,18.3
2023-07-04 00:10:00,14.3,18.1
2023-07-04 00:20:00,13.9,18.1
2023-07-04 00:30:00,14.4,18.0
2023-07-04 00:40:00,13.9,17.9
2023-07-04 00:50:00,14.5,18.0
2023-07-04 01:00:00,13.7,17.6
2023-07-04 01:10:00,14.5,17.4
2023-07-04 01:20:00,14.2,17.4
2023-07-04 01:30:00,14.2,17.4
2023-07-04 01:40:00,14.7,17.1
2023-07-04 01:50:00,13.9,17.0
2023-07-04 02:00:00,14.6,16.7
2023-07-04 02:10:00,14.5,16.6
2023-07-04 02:20:00,14.3,16.4
2023-07-04 02:30:00,14.7,16.2
2023-07-04 02:40:00,14.6,16.0
2023-07-04 02:50:00,14.3,16.0
2023-07-04 03:00:00,14.8,16.0
2023-07-04 03:10:00,14.5,15.9
2023-07-04 03:20:00,14.4,15.9
2023-07-04 03:30:00,14.8,15.5
2023-07-04 03:40:00,14.2,15.3
2023-07-04 03:50:00,14.7,15.1
2023-07-04 04:00:00,14.7,14.8
2023-07-04 04:10:00,14.6,14.6
2023-07-04 04:20:00,15.0,14.4
2023-07-04 04:30:00,14.4,14.2
2023-07-04 04:40:00,15.1,14.2
2023-07-04 04:50:00,14.6,14.0
2023-07-04 05:00:00,15.0,13.9
2023-07-04 05:10:00,14.6,13.5
2023-07-04 05:20:00,14.8,13.3
2023-07-04 05:30:00,14.7,13.2
2023-07-04 05:40:00,14.8,13.2
2023-07-04 05:50:00,14.8,13.2
2023-07-04 06:00:00,15.6,13.4
2023-07-04 06:10:00,15.9,13.9
2023-07-04 06:20:00,16.1,14.1
2023-07-04 06:30:00,16.5,14.7
2023-07-04 06:40:00,16.7,15.8
2023-07-04 06:50:00,16.9,16.6
2023-07-04 07:00:00,17.7,17.5
2023-07-04 07:10:00,18.6,18.5
2023-07-04 07:20:00,19.3,19.2
2023-07-04 07:30:00,19.7,20.6
2023-07-04 07:40:00,20.1,22.0
2023-07-04 07:50:00,20.5,23.7
2023-07-04 08:00:00,20.8,24.6
2023-07-04 08:10:00,21.1,25.5
2023-07-04 08:20:00,21.4,26.7
2023-07-04 08:30:00,21.7,27.5
2023-07-04 08:40:00,21.9,28.3
2023-07-04 08:50:00,22.2,28.7
2023-07-04 09:00:00,22.4,29.5
2023-07-04 09:10:00,22.6,30.3
2023-07-04 09:20:00,22.9,31.1
2023-07-04 09:30:00,23.1,31.9
2023-07-04 09:40:00,23.0,32.3
2023-07-04 09:50:00,23.0,32.9
2023-07-04 10:00:00,23.1,33.1
2023-07-04 10:10:00,22.9,33.3
2023-07-04 10:20:00,23.0,33.6
2023-07-04 10:30:00,23.5,34.0
2023-07-04 10:40:00,24.1,34.2
2023-07-04 10:50:00,24.8,34.1
2023-07-04 11:00:00,25.3,34.2
2023-07-04 11:10:00,25.6,34.3
2023-07-04 11:20:00,25.7,34.5
2023-07-04 11:30:00,25.6,34.8
2023-07-04 11:40:00,25.8,34.8
2023-07-04 11:50:00,25.8,35.4
2023-07-04 12:00:00,25.8,35.5
2023-07-04 12:10:00,25.9,35.8
2023-07-04 12:20:00,26.3,35.6
2023-07-04 12:30:00,26.3,35.9
2023-07-04 12:40:00,26.4,36.1
2023-07-04 12:50:00,26.8,35.9
2023-07-04 13:00:00,27.1,35.6
2023-07-04 13:10:00,27.5,35.1
2023-07-04 13:20:00,27.7,35.0
2023-07-04 13:30:00,27.8,34.8
2023-07-04 13:40:00,27.8,34.7
2023-07-04 13:50:00,28.0,34.7
2023-07-04 14:00:00,27.9,34.2
2023-07-04 14:10:00,27.8,34.0
2023-07-04 14:20:00,27.7,33.8
2023-07-04 14:30:00,27.6,33.5
2023-07-04 14:40:00,27.6,33.2
2023-07-04 14:50:00,27.5,33.3
2023-07-04 15:00:00,27.4,33.2
2023-07-04 15:10:00,27.3,32.9
2023-07-04 15:20:00,27.3,32.8
2023-07-04 15:30:00,27.3,33.0
2023-07-04 15:40:00,27.2,32.7
2023-07-04 15:50:00,27.2,32.8
2023-07-04 16:00:00,27.2,32.7
2023-07-04 16:10:00,27.2,32.5
2023-07-04 16:20:00,27.1,32.1
2023-07-04 16:30:00,27.1,32.3
2023-07-04 16:40:00,26.9,32.4
2023-07-04 16:50:00,27.0,32.4
2023-07-04 17:00:00,26.8,32.3
2023-07-04 17:10:00,26.7,32.2
2023-07-04 17:20:00,26.5,32.2
2023-07-04 17:30:00,26.4,32.3
2023-07-04 17:40:00,26.5,32.3
2023-07-04 17:50:00,26.4,32.1
2023-07-04 18:00:00,26.4,31.8
2023-07-04 18:10:00,26.2,31.7
2023-07-04 18:20:00,26.2,31.6
2023-07-04 18:30:00,25.9,31.2
2023-07-04 18:40:00,26.2,30.9
2023-07-04 18:50:00,25.7,30.5
2023-07-04 19:00:00,25.3,30.1
2023-07-04 19:10:00,25.1,29.5
2023-07-04 19:20:00,24.9,29.1
2023-07-04 19:30:00,24.8,28.7
2023-07-04 19:40:00,24.7,28.1
2023-07-04 19:50:00,24.7,27.5
2023-07-04 20:00:00,24.1,26.8
2023-07-04 20:10:00,21.9,26.3
2023-07-04 20:20:00,20.3,25.5
2023-07-04 20:30:00,19.3,24.8
2023-07-04 20:40:00,18.5,24.4
2023-07-04 20:50:00,17.8,24.1
2023-07-04 21:00:00,17.1,23.8
2023-07-04 21:10:00,16.7,23.3
2023-07-04 21:20:00,16.4,22.8
2023-07-04 21:30:00,16.0,22.4
2023-07-04 21:40:00,15.7,21.9
2023-07-04 21:50:00,15.4,21.5
2023-07-04 22:00:00,15.1,21.4
2023-07-04 22:10:00,14.9,21.2
2023-07-04 22:20:00,14.7,20.7
2023-07-04 22:30:00,14.4,20.4
2023-07-04 22:40:00,14.1,20.0
2023-07-04 22:50:00,14.0,19.7
2023-07-04 23:00:00,13.7,19.5
2023-07-04 23:10:00,13.5,19.1
2023-07-04 23:20:00,14.2,18.9
2023-07-04 23:30:00,14.1,18.8
2023-07-04 23:40:00,13.8,18.7
2023-07-04 23:50:00,14.4,18.5
2023-07-05 00:00:00,13.6,18.4
2023-07-05 00:10:00,14.5,18.7
2023-07-05 00:20:00,14.2,19.0
2023-07-05 00:30:00,14.2,18.8
2023-07-05 00:40:00,14.1,18.6
2023-07-05 00:50:00,14.3,18.5
2023-07-05 01:00:00,14.6,18.2
2023-07-05 01:10:00,13.9,17.7
2023-07-05 01:20:00,14.7,17.4
2023-07-05 01:30:00,14.0,17.4
2023-07-05 01:40:00,14.6,17.3
2023-07-05 01:50:00,14.3,17.0
2023-07-05 02:00:00,14.5,16.6
2023-07-05 02:10:00,14.7,16.5
2023-07-05 02:20:00,14.3,16.3
2023-07-05 02:30:00,14.8,16.0
2023-07-05 02:40:00,14.2,15.7
2023-07-05 02:50:00,14.5,15.5
2023-07-05 03:00:00,15.0,15.5
2023-07-05 03:10:00,14.3,15.6
2023-07-05 03:20:00,14.7,15.4
2023-07-05 03:30:00,14.7,15.1
2023-07-05 03:40:00,14.5,15.1
2023-07-05 03:50:00,15.0,14.9
2023-07-05 04:00:00,14.3,14.7
2023-07-05 04:10:00,15.0,14.8
2023-07-05 04:20:00,14.6,14.7
2023-07-05 04:30:00,14.8,14.5
2023-07-05 04:40:00,15.0,14.4
2023-07-05 04:50:00,14.6,14.3
2023-07-05 05:00:00,15.2,14.1
2023-07-05 05:10:00,14.5,14.5
2023-07-05 05:20:00,14.8,14.3
2023-07-05 05:30:00,15.0,14.2
2023-07-05 05:40:00,14.6,14.0
2023-07-05 05:50:00,15.1,13.9
2023-07-05 06:00:00,15.4,14.2
2023-07-05 06:10:00,16.0,14.3
2023-07-05 06:20:00,16.3,14.5
2023-07-05 06:30:00,16.5,15.1
2023-07-05 06:40:00,16.8,16.0
2023-07-05 06:50:00,17.0,16.9
2023-07-05 07:00:00,17.8,17.7
2023-07-05 07:10:00,18.8,18.8
2023-07-05 07:20:00,19.4,20.0
2023-07-05 07:30:00,19.9,21.0
2023-07-05 07:40:00,20.4,22.1
2023-07-05 07:50:00,20.7,23.3
2023-07-05 08:00:00,21.1,24.2
2023-07-05 08:10:00,21.4,25.1
2023-07-05 08:20:00,21.7,25.5
2023-07-05 08:30:00,22.0,26.0
2023-07-05 08:40:00,22.1,26.5
2023-07-05 08:50:00,22.4,27.2
2023-07-05 09:00:00,21.9,27.9
2023-07-05 09:10:00,22.3,28.5
2023-07-05 09:20:00,22.7,28.7
2023-07-05 09:30:00,23.1,28.8
2023-07-05 09:40:00,23.4,29.4
2023-07-05 09:50:00,23.6,29.7
2023-07-05 10:00:00,23.8,30.0
2023-07-05 10:10:00,23.7,30.5
2023-07-05 10:20:00,24.0,30.9
2023-07-05 10:30:00,23.9,30.9
2023-07-05 10:40:00,24.3,30.8
2023-07-05 10:50:00,24.7,31.5
2023-07-05 11:00:00,25.5,32.0
2023-07-05 11:10:00,25.6,32.3
2023-07-05 11:20:00,25.9,32.7
2023-07-05 11:30:00,25.9,33.0
2023-07-05 11:40:00,26.0,32.7
2023-07-05 11:50:00,26.1,33.1
2023-07-05 12:00:00,26.3,32.7
2023-07-05 12:10:00,26.4,33.0
2023-07-05 12:20:00,26.6,33.7
2023-07-05 12:30:00,26.9,33.9
2023-07-05 12:40:00,27.2,33.5
2023-07-05 12:50:00,27.6,33.9
2023-07-05 13:00:00,27.8,33.7
2023-07-05 13:10:00,27.9,33.7
2023-07-05 13:20:00,27.9,33.7
2023-07-05 13:30:00,27.9,33.7
2023-07-05 13:40:00,28.0,33.7
2023-07-05 13:50:00,28.0,33.6
2023-07-05 14:00:00,28.1,33.3
2023-07-05 14:10:00,28.2,33.5
2023-07-05 14:20:00,28.1,33.2
2023-07-05 14:30:00,28.0,33.3
2023-07-05 14:40:00,27.9,33.2
2023-07-05 14:50:00,27.8,33.3
2023-07-05 15:00:00,27.8,32.8
2023-07-05 15:10:00,27.7,33.0
2023-07-05 15:20:00,27.7,32.6
2023-07-05 15:30:00,27.5,32.8
2023-07-05 15:40:00,27.6,32.8
2023-07-05 15:50:00,27.4,32.5
2023-07-05 16:00:00,27.3,32.5
2023-07-05 16:10:00,27.0,32.3
2023-07-05 16:20:00,27.0,32.3
2023-07-05 16:30:00,26.9,32.0
2023-07-05 16:40:00,26.8,32.2
2023-07-05 16:50:00,26.9,32.0
2023-07-05 17:00:00,26.8,31.7
2023-07-05 17:10:00,26.6,31.7
2023-07-05 17:20:00,26.6,31.2
2023-07-05 17:30:00,26.5,30.8
2023-07-05 17:40:00,26.5,30.6
2023-07-05 17:50:00,26.3,30.3
2023-07-05 18:00:00,26.3,29.9
2023-07-05 18:10:00,26.4,29.9
2023-07-05 18:20:00,26.2,29.5
2023-07-05 18:30:00,26.3,29.1
2023-07-05 18:40:00,26.3,28.8
2023-07-05 18:50:00,26.3,28.5
2023-07-05 19:00:00,26.0,27.8
2023-07-05 19:10:00,25.5,27.2
2023-07-05 19:20:00,25.2,26.8
2023-07-05 19:30:00,25.0,26.4
2023-07-05 19:40:00,24.8,26.0
2023-07-05 19:50:00,24.6,25.5
2023-07-05 20:00:00,23.8,25.1
2023-07-05 20:10:00,21.8,24.6
2023-07-05 20:20:00,20.2,24.3
2023-07-05 20:30:00,19.2,23.9
2023-07-05 20:40:00,18.3,23.5
2023-07-05 20:50:00,17.7,23.2
2023-07-05 21:00:00,17.2,22.8
2023-07-05 21:10:00,16.9,22.4
2023-07-05 21:20:00,16.5,22.2
2023-07-05 21:30:00,16.2,21.9
2023-07-05 21:40:00,15.9,21.5
2023-07-05 21:50:00,15.5,20.9
2023-07-05 22:00:00,15.3,20.6
2023-07-05 22:10:00,15.0,20.4
2023-07-05 22:20:00,14.8,20.1
2023-07-05 22:30:00,14.5,19.9
2023-07-05 22:40:00,14.3,19.8
2023-07-05 22:50:00,14.1,19.4
2023-07-05 23:00:00,14.0,19.3
2023-07-05 23:10:00,13.8,19.1
2023-07-05 23:20:00,13.6,19.3
2023-07-05 23:30:00,13.5,19.8
2023-07-05 23:40:00,13.4,20.2
2023-07-05 23:50:00,13.3,20.3
2023-07-06 00:00:00,13.1,20.3
2023-07-06 00:10:00,13.1,20.4
2023-07-06 00:20:00,13.0,20.5
2023-07-06 00:30:00,14.2,20.5
2023-07-06 00:40:00,13.7,20.4
2023-07-06 00:50:00,13.3,20.1
2023-07-06 01:00:00,13.1,19.8
2023-07-06 01:10:00,13.1,19.6
2023-07-06 01:20:00,13.0,19.6
2023-07-06 01:30:00,14.2,19.5
2023-07-06 01:40:00,13.7,19.4
2023-07-06 01:50:00,14.2,19.3
2023-07-06 02:00:00,13.9,19.4
2023-07-06 02:10:00,13.3,19.3
2023-07-06 02:20:00,14.2,19.3
2023-07-06 02:30:00,13.3,19.1
2023-07-06 02:40:00,14.3,18.8
2023-07-06 02:50:00,13.5,18.6
2023-07-06 03:00:00,14.2,18.4
2023-07-06 03:10:00,13.8,18.4
2023-07-06 03:20:00,14.4,18.4
2023-07-06 03:30:00,13.4,18.3
2023-07-06 03:40:00,14.3,18.3
2023-07-06 03:50:00,13.5,18.3
2023-07-06 04:00:00,14.0,18.3
2023-07-06 04:10:00,13.8,18.3
2023-07-06 04:20:00,14.3,18.6
2023-07-06 04:30:00,13.6,19.0
2023-07-06 04:40:00,14.4,19.3
2023-07-06 04:50:00,13.4,19.3
2023-07-06 05:00:00,14.4,19.3
2023-07-06 05:10:00,13.6,19.4
2023-07-06 05:20:00,14.3,19.5
2023-07-06 05:30:00,13.7,19.7
2023-07-06 05:40:00,14.1,19.9
2023-07-06 05:50:00,13.9,20.1
2023-07-06 06:00:00,15.2,20.3
2023-07-06 06:10:00,16.0,20.5
2023-07-06 06:20:00,16.6,20.7
2023-07-06 06:30:00,17.1,20.8
2023-07-06 06:40:00,17.4,21.0
2023-07-06 06:50:00,17.8,21.4
2023-07-06 07:00:00,18.6,21.6
2023-07-06 07:10:00,19.6,21.9
2023-07-06 07:20:00,20.3,22.0
2023-07-06 07:30:00,20.8,22.5
2023-07-06 07:40:00,21.2,23.5
2023-07-06 07:50:00,21.7,23.6
2023-07-06 08:00:00,22.0,23.9
2023-07-06 08:10:00,22.2,24.4
2023-07-06 08:20:00,22.4,24.5
2023-07-06 08:30:00,22.7,24.7
2023-07-06 08:40:00,22.8,24.7
2023-07-06 08:50:00,22.8,25.4
2023-07-06 09:00:00,23.1,26.0
2023-07-06 09:10:00,23.2,26.6
2023-07-06 09:20:00,23.4,27.3
2023-07-06 09:30:00,23.6,27.4
2023-07-06 09:40:00,23.8,27.4
2023-07-06 09:50:00,24.0,27.7
2023-07-06 10:00:00,24.2,27.5
2023-07-06 10:10:00,24.3,27.9
2023-07-06 10:20:00,24.7,28.0
2023-07-06 10:30:00,25.0,28.5
2023-07-06 10:40:00,25.3,28.7
2023-07-06 10:50:00,25.7,28.8
2023-07-06 11:00:00,26.4,29.3
2023-07-06 11:10:00,26.4,30.1
2023-07-06 11:20:00,26.3,30.5
2023-07-06 11:30:00,26.3,30.5
2023-07-06 11:40:00,26.4,30.7
2023-07-06 11:50:00,26.7,30.7
2023-07-06 12:00:00,26.8,31.0
2023-07-06 12:10:00,26.9,31.4
2023-07-06 12:20:00,27.1,31.3
2023-07-06 12:30:00,27.4,31.8
2023-07-06 12:40:00,27.5,31.8
2023-07-06 12:50:00,27.5,32.2
2023-07-06 13:00:00,27.5,31.6
2023-07-06 13:10:00,27.8,31.3
2023-07-06 13:20:00,27.8,31.6
2023-07-06 13:30:00,27.8,31.7
2023-07-06 13:40:00,27.8,32.3
2023-07-06 13:50:00,27.9,32.6
2023-07-06 14:00:00,27.8,32.4
2023-07-06 14:10:00,27.7,32.2
2023-07-06 14:20:00,27.8,31.9
2023-07-06 14:30:00,27.7,31.7
2023-07-06 14:40:00,27.6,31.9
2023-07-06 14:50:00,27.5,31.3
2023-07-06 15:00:00,27.5,31.5
2023-07-06 15:10:00,27.5,31.4
2023-07-06 15:20:00,27.5,31.4
2023-07-06 15:30:00,27.5,31.2
2023-07-06 15:40:00,27.3,31.4
2023-07-06 15:50:00,27.2,31.3
2023-07-06 16:00:00,27.1,30.9
2023-07-06 16:10:00,27.1,30.8
2023-07-06 16:20:00,27.2,30.9
2023-07-06 16:30:00,27.1,30.4
2023-07-06 16:40:00,27.1,30.5
2023-07-06 16:50:00,27.0,30.1
2023-07-06 17:00:00,27.0,29.8
2023-07-06 17:10:00,26.9,29.8
2023-07-06 17:20:00,26.7,29.6
2023-07-06 17:30:00,26.5,29.4
2023-07-06 17:40:00,26.5,29.2
2023-07-06 17:50:00,26.4,29.0
2023-07-06 18:00:00,26.6,28.8
2023-07-06 18:10:00,26.6,28.6
2023-07-06 18:20:00,26.3,28.2
2023-07-06 18:30:00,26.3,27.7
2023-07-06 18:40:00,26.4,27.5
2023-07-06 18:50:00,26.4,27.2
2023-07-06 19:00:00,26.0,26.7
2023-07-06 19:10:00,25.5,26.2
2023-07-06 19:20:00,25.2,25.8
2023-07-06 19:30:00,24.9,25.4
2023-07-06 19:40:00,24.8,25.1
2023-07-06 19:50:00,24.6,24.7
2023-07-06 20:00:00,23.7,24.3
2023-07-06 20:10:00,21.6,24.0
2023-07-06 20:20:00,19.8,23.6
2023-07-06 20:30:00,18.7,23.3
2023-07-06 20:40:00,18.1,22.7
2023-07-06 20:50:00,17.4,22.2
2023-07-06 21:00:00,16.9,21.9
2023-07-06 21:10:00,16.6,21.9
2023-07-06 21:20:00,16.3,21.7
2023-07-06 21:30:00,15.9,21.4
2023-07-06 21:40:00,15.6,21.0
2023-07-06 21:50:00,15.3,20.7
2023-07-06 22:00:00,15.0,20.4
2023-07-06 22:10:00,14.7,20.4
2023-07-06 22:20:00,14.5,20.1
2023-07-06 22:30:00,14.3,19.9
2023-07-06 22:40:00,14.1,19.7
2023-07-06 22:50:00,14.0,19.5
2023-07-06 23:00:00,14.3,19.2
2023-07-06 23:10:00,14.7,19.1
2023-07-06 23:20:00,14.3,19.0
2023-07-06 23:30:00,14.6,18.9
2023-07-06 23:40:00,13.8,18.6
2023-07-06 23:50:00,14.2,18.3
2023-07-07 00:00:00,14.2,18.3
2023-07-07 00:10:00,13.8,18.3
2023-07-07 00:20:00,14.4,18.2
2023-07-07 00:30:00,13.7,18.1
2023-07-07 00:40:00,14.5,17.7
2023-07-07 00:50:00,14.1,17.6
2023-07-07 01:00:00,14.5,17.9
2023-07-07 01:10:00,14.4,18.3
2023-07-07 01:20:00,14.1,18.5
2023-07-07 01:30:00,14.2,18.6
2023-07-07 01:40:00,13.9,18.7
2023-07-07 01:50:00,13.8,18.9
2023-07-07 02:00:00,14.2,19.4
2023-07-07 02:10:00,13.9,19.5
2023-07-07 02:20:00,14.2,19.6
2023-07-07 02:30:00,13.4,19.8
2023-07-07 02:40:00,13.8,20.0
2023-07-07 02:50:00,14.1,20.1
2023-07-07 03:00:00,13.3,20.3
2023-07-07 03:10:00,13.1,20.4
2023-07-07 03:20:00,13.0,20.6
2023-07-07 03:30:00,14.3,20.7
2023-07-07 03:40:00,13.6,20.8
2023-07-07 03:50:00,13.1,20.9
2023-07-07 04:00:00,12.9,20.9
2023-07-07 04:10:00,14.1,20.8
2023-07-07 04:20:00,13.5,20.8
2023-07-07 04:30:00,14.3,20.4
2023-07-07 04:40:00,13.7,20.2
2023-07-07 04:50:00,14.0,20.0
2023-07-07 05:00:00,13.9,19.7
2023-07-07 05:10:00,14.3,19.1
2023-07-07 05:20:00,13.7,18.8
2023-07-07 05:30:00,14.5,18.7
2023-07-07 05:40:00,13.7,18.8
2023-07-07 05:50:00,14.4,18.8
2023-07-07 06:00:00,14.5,18.4
2023-07-07 06:10:00,15.7,18.0
2023-07-07 06:20:00,16.4,18.0
2023-07-07 06:30:00,16.8,18.5
2023-07-07 06:40:00,17.1,18.9
2023-07-07 06:50:00,17.5,19.6
2023-07-07 07:00:00,18.3,20.1
2023-07-07 07:10:00,19.3,20.5
2023-07-07 07:20:00,20.0,21.3
2023-07-07 07:30:00,20.5,22.2
2023-07-07 07:40:00,20.9,23.0
2023-07-07 07:50:00,21.3,23.1
2023-07-07 08:00:00,21.6,23.7
2023-07-07 08:10:00,21.9,24.0
2023-07-07 08:20:00,22.2,23.9
2023-07-07 08:30:00,22.5,23.9
2023-07-07 08:40:00,22.7,24.9
2023-07-07 08:50:00,22.9,25.8
2023-07-07 09:00:00,22.4,25.7
2023-07-07 09:10:00,22.7,26.2
2023-07-07 09:20:00,23.0,27.0
2023-07-07 09:30:00,23.4,26.9
2023-07-07 09:40:00,23.6,26.9
2023-07-07 09:50:00,23.7,26.9
2023-07-07 10:00:00,23.9,27.2
2023-07-07 10:10:00,24.1,28.2
2023-07-07 10:20:00,24.4,28.2
2023-07-07 10:30:00,24.5,28.7
2023-07-07 10:40:00,24.7,28.5
2023-07-07 10:50:00,25.0,28.7
2023-07-07 11:00:00,25.6,29.4
2023-07-07 11:10:00,25.8,29.6
2023-07-07 11:20:00,25.9,29.8
2023-07-07 11:30:00,26.1,30.2
2023-07-07 11:40:00,26.1,30.7
2023-07-07 11:50:00,26.3,31.1
2023-07-07 12:00:00,26.4,30.8
2023-07-07 12:10:00,26.5,30.6
2023-07-07 12:20:00,26.6,30.8
2023-07-07 12:30:00,26.5,31.3
2023-07-07 12:40:00,26.7,31.5
2023-07-07 12:50:00,26.8,31.6
2023-07-07 13:00:00,26.8,31.3
2023-07-07 13:10:00,26.9,30.7
2023-07-07 13:20:00,26.8,31.0
2023-07-07 13:30:00,27.0,31.5
2023-07-07 13:40:00,26.9,31.9
2023-07-07 13:50:00,27.1,31.3
2023-07-07 14:00:00,27.1,31.5
2023-07-07 14:10:00,27.1,31.5
2023-07-07 14:20:00,27.0,31.0
2023-07-07 14:30:00,27.0,30.9
2023-07-07 14:40:00,26.9,31.1
2023-07-07 14:50:00,26.9,31.1
2023-07-07 15:00:00,27.0,31.4
2023-07-07 15:10:00,27.0,31.0
2023-07-07 15:20:00,26.8,31.1
2023-07-07 15:30:00,26.8,30.9
2023-07-07 15:40:00,26.8,30.8
2023-07-07 15:50:00,26.8,30.8
2023-07-07 16:00:00,26.7,31.0
2023-07-07 16:10:00,27.0,31.0
2023-07-07 16:20:00,26.9,30.8
2023-07-07 16:30:00,26.9,30.7
2023-07-07 16:40:00,26.9,30.5
2023-07-07 16:50:00,26.9,30.7
2023-07-07 17:00:00,26.7,30.1
2023-07-07 17:10:00,26.7,29.4
2023-07-07 17:20:00,26.7,29.6
2023-07-07 17:30:00,26.8,29.4
2023-07-07 17:40:00,26.8,29.3
2023-07-07 17:50:00,27.0,29.0
2023-07-07 18:00:00,26.9,28.9
2023-07-07 18:10:00,26.9,28.6
2023-07-07 18:20:00,26.9,28.4
2023-07-07 18:30:00,26.8,28.0
2023-07-07 18:40:00,26.7,27.7
2023-07-07 18:50:00,26.8,27.1
2023-07-07 19:00:00,26.4,26.8
2023-07-07 19:10:00,25.9,26.4
2023-07-07 19:20:00,25.5,26.1
2023-07-07 19:30:00,25.3,25.8
2023-07-07 19:40:00,25.0,25.5
2023-07-07 19:50:00,25.0,25.3
2023-07-07 20:00:00,24.1,25.0
2023-07-07 20:10:00,22.1,24.7
2023-07-07 20:20:00,20.4,24.4
2023-07-07 20:30:00,19.3,24.2
2023-07-07 20:40:00,18.6,24.0
2023-07-07 20:50:00,17.9,23.8
2023-07-07 21:00:00,17.6,23.6
2023-07-07 21:10:00,17.1,23.3
2023-07-07 21:20:00,16.8,22.9
2023-07-07 21:30:00,16.5,22.4
2023-07-07 21:40:00,16.2,22.1
2023-07-07 21:50:00,16.1,21.9
2023-07-07 22:00:00,15.8,21.7
2023-07-07 22:10:00,15.6,21.4
2023-07-07 22:20:00,15.5,21.6
2023-07-07 22:30:00,15.3,22.1
2023-07-07 22:40:00,15.2,22.3
2023-07-07 22:50:00,15.1,22.3
2023-07-07 23:00:00,15.0,22.3
2023-07-07 23:10:00,14.9,22.3
2023-07-07 23:20:00,15.0,22.4
2023-07-07 23:30:00,15.0,22.6
2023-07-07 23:40:00,15.0,22.8
2023-07-07 23:50:00,14.7,22.9
2023-07-08 00:00:00,14.5,23.0
2023-07-08 00:10:00,14.5,23.2
2023-07-08 00:20:00,14.3,23.3
2023-07-08 00:30:00,14.4,23.3
2023-07-08 00:40:00,14.4,23.2
2023-07-08 00:50:00,14.3,23.1
2023-07-08 01:00:00,14.2,23.1
2023-07-08 01:10:00,14.2,23.1
2023-07-08 01:20:00,14.1,23.1
2023-07-08 01:30:00,13.9,23.0
2023-07-08 01:40:00,13.8,22.8
2023-07-08 01:50:00,13.7,22.5
2023-07-08 02:00:00,13.7,22.1
2023-07-08 02:10:00,13.7,21.8
2023-07-08 02:20:00,13.8,21.5
2023-07-08 02:30:00,13.8,21.4
2023-07-08 02:40:00,13.7,21.2
2023-07-08 02:50:00,13.6,21.0
2023-07-08 03:00:00,13.7,21.0
2023-07-08 03:10:00,13.7,20.8
2023-07-08 03:20:00,13.5,20.7
2023-07-08 03:30:00,13.4,20.9
2023-07-08 03:40:00,13.3,20.6
2023-07-08 03:50:00,13.2,20.3
2023-07-08 04:00:00,13.2,20.0
2023-07-08 04:10:00,13.1,19.7
2023-07-08 04:20:00,14.0,19.5
2023-07-08 04:30:00,13.9,19.2
2023-07-08 04:40:00,13.2,18.8
2023-07-08 04:50:00,13.9,18.7
2023-07-08 05:00:00,13.9,18.9
2023-07-08 05:10:00,13.6,18.8
