date,Grad,RH,Rain,STDwd,TD,TDmax,TDmin,TG,TW,Time,WD,WDmax,WS,WS1mm,WSmax,Ws10mm
2022-01-01 00:00:00,0.0,77.0,0.0,10.3,11.2,11.2,11.1,10.7,-9999.0,2354.0,75.0,64.0,5.0,6.0,7.0,5.5
2022-01-01 00:10:00,0.0,77.0,0.0,11.2,11.2,11.2,11.1,10.8,-9999.0,1.0,77.0,84.0,4.7,5.5,6.6,4.9
2022-01-01 00:20:00,0.0,75.0,0.0,10.0,11.4,11.5,11.2,10.9,-9999.0,20.0,80.0,83.0,5.1,6.2,8.0,5.1
2022-01-01 00:30:00,0.0,74.0,0.0,9.6,11.5,11.5,11.4,11.0,-9999.0,22.0,76.0,74.0,4.8,5.8,7.3,5.0
2022-01-01 00:40:00,0.0,73.0,0.0,9.1,11.6,11.7,11.5,11.1,-9999.0,34.0,74.0,64.0,4.8,5.7,7.2,5.0
2022-01-01 00:50:00,0.0,71.0,0.0,9.2,11.7,11.7,11.7,11.3,-9999.0,47.0,76.0,69.0,4.9,5.8,6.4,5.0
2022-01-01 01:00:00,0.0,72.0,0.0,9.9,11.6,11.7,11.5,11.1,-9999.0,51.0,73.0,73.0,3.8,4.5,5.3,4.7
2022-01-01 01:10:00,0.0,74.0,0.0,7.9,11.4,11.6,11.3,10.7,-9999.0,110.0,68.0,63.0,4.6,5.1,6.2,4.6
2022-01-01 01:20:00,0.0,73.0,0.0,8.7,11.4,11.5,11.2,10.8,-9999.0,111.0,70.0,83.0,4.2,4.5,5.6,4.6
2022-01-01 01:30:00,0.0,69.0,0.0,10.3,11.8,12.0,11.5,11.1,-9999.0,126.0,74.0,78.0,4.2,5.4,6.4,4.3
2022-01-01 01:40:00,0.0,68.0,0.0,10.9,11.9,12.0,11.7,11.3,-9999.0,132.0,69.0,73.0,4.0,4.7,5.7,4.3
2022-01-01 01:50:00,0.0,72.0,0.0,6.8,11.5,11.7,11.4,11.0,-9999.0,150.0,61.0,63.0,4.5,4.9,5.9,4.5
2022-01-01 02:00:00,0.0,73.0,0.0,8.1,11.4,11.5,11.3,10.9,-9999.0,151.0,59.0,61.0,4.0,5.2,5.7,4.6
2022-01-01 02:10:00,0.0,75.0,0.0,5.5,11.2,11.3,11.1,10.8,-9999.0,210.0,52.0,50.0,4.8,5.6,6.1,4.8
2022-01-01 02:20:00,0.0,75.0,0.0,57.5,11.1,11.2,11.1,10.6,-9999.0,211.0,81.0,65.0,1.8,4.1,4.1,4.6
2022-01-01 02:30:00,0.0,73.0,0.0,5.9,11.3,11.4,11.1,10.8,-9999.0,230.0,60.0,60.0,4.3,5.6,6.2,4.3
2022-01-01 02:40:00,0.0,74.0,0.0,28.0,11.1,11.3,11.1,10.3,-9999.0,232.0,83.0,60.0,2.2,5.4,5.8,4.6
2022-01-01 02:50:00,0.0,74.0,0.0,6.8,11.1,11.1,11.0,10.2,-9999.0,250.0,65.0,65.0,4.8,5.6,6.1,4.8
2022-01-01 03:00:00,0.0,72.0,0.0,10.6,11.1,11.2,11.0,10.4,-9999.0,252.0,64.0,63.0,4.5,5.4,5.9,5.0
2022-01-01 03:10:00,0.0,75.0,0.0,5.8,10.9,11.0,10.8,10.3,-9999.0,308.0,49.0,51.0,5.2,5.5,6.2,5.3
2022-01-01 03:20:00,0.0,75.0,0.0,14.8,10.9,10.9,10.8,10.4,-9999.0,314.0,54.0,50.0,4.9,6.2,7.1,5.5
2022-01-01 03:30:00,0.0,74.0,0.0,10.6,10.9,11.0,10.9,10.5,-9999.0,321.0,54.0,57.0,4.7,6.0,6.9,4.9
2022-01-01 03:40:00,0.0,74.0,0.0,5.6,11.0,11.1,10.9,10.6,-9999.0,340.0,57.0,59.0,5.6,6.3,7.1,5.6
2022-01-01 03:50:00,0.0,74.0,0.0,5.1,11.1,11.1,11.0,10.6,-9999.0,350.0,60.0,58.0,6.4,7.4,8.3,6.4
2022-01-01 04:00:00,0.0,74.0,0.0,6.0,11.0,11.0,10.9,10.3,-9999.0,351.0,57.0,55.0,5.7,6.3,6.9,6.4
2022-01-01 04:10:00,0.0,74.0,0.0,9.2,10.8,10.9,10.7,10.0,-9999.0,401.0,56.0,48.0,4.7,5.6,6.9,5.6
2022-01-01 04:20:00,0.0,73.0,0.0,9.5,10.9,11.0,10.8,10.4,-9999.0,420.0,55.0,43.0,5.3,5.8,7.3,5.3
2022-01-01 04:30:00,0.0,73.0,0.0,7.3,11.0,11.0,10.9,10.6,-9999.0,421.0,59.0,49.0,5.0,5.6,6.3,5.3
2022-01-01 04:40:00,0.0,74.0,0.0,10.0,10.9,11.0,10.9,10.5,-9999.0,431.0,60.0,59.0,4.4,5.0,5.8,5.0
2022-01-01 04:50:00,0.0,74.0,0.0,90.9,10.8,10.9,10.8,10.4,-9999.0,441.0,210.0,57.0,2.9,4.7,5.3,4.3
2022-01-01 05:00:00,0.0,73.0,0.0,34.9,11.0,11.2,10.8,10.7,-9999.0,451.0,237.0,259.0,2.2,3.8,4.6,2.7
2022-01-01 05:10:00,0.0,78.0,0.0,14.6,10.6,11.0,10.4,10.2,-9999.0,508.0,247.0,261.0,2.6,3.6,4.8,2.7
2022-01-01 05:20:00,0.0,81.0,0.0,29.4,10.3,10.4,10.1,9.8,-9999.0,511.0,196.0,239.0,1.5,2.0,2.6,2.6
2022-01-01 05:30:00,0.0,83.0,0.0,23.6,9.9,10.1,9.8,9.4,-9999.0,521.0,194.0,179.0,0.9,1.7,2.1,1.5
2022-01-01 05:40:00,0.0,86.0,0.0,37.9,9.8,9.8,9.7,9.2,-9999.0,531.0,178.0,233.0,0.7,1.1,1.6,0.9
2022-01-01 05:50:00,0.0,87.0,0.0,20.3,9.6,9.7,9.6,9.1,-9999.0,550.0,172.0,204.0,1.0,1.3,1.6,1.0
2022-01-01 06:00:00,0.0,88.0,0.0,27.1,9.6,9.6,9.6,9.1,-9999.0,551.0,173.0,153.0,0.8,1.1,1.3,1.0
2022-01-01 06:10:00,0.0,89.0,0.0,12.1,9.6,9.7,9.6,9.2,-9999.0,610.0,218.0,213.0,1.3,1.9,2.6,1.3
2022-01-01 06:20:00,0.0,90.0,0.0,20.8,9.7,9.8,9.7,9.4,-9999.0,611.0,233.0,222.0,0.8,1.8,1.5,1.4
2022-01-01 06:30:00,0.0,91.0,0.0,19.9,9.8,9.8,9.8,9.5,-9999.0,621.0,270.0,279.0,0.1,0.7,1.1,0.8
2022-01-01 06:40:00,0.0,92.0,0.1,15.4,9.8,9.9,9.8,9.6,-9999.0,636.0,301.0,286.0,0.3,0.7,0.8,0.3
2022-01-01 06:50:00,1.0,93.0,0.2,22.3,9.8,9.8,9.7,9.7,-9999.0,650.0,174.0,156.0,0.6,0.9,1.1,0.6
2022-01-01 07:00:00,3.0,93.0,0.2,15.1,9.7,9.7,9.6,9.7,-9999.0,700.0,128.0,138.0,0.9,1.1,1.3,0.9
2022-01-01 07:10:00,10.0,94.0,0.1,4.0,9.6,9.7,9.6,9.7,-9999.0,710.0,101.0,99.0,1.5,1.8,1.9,1.5
2022-01-01 07:20:00,15.0,94.0,0.0,6.6,9.6,9.7,9.6,9.7,-9999.0,719.0,95.0,104.0,1.8,1.9,2.2,1.8
2022-01-01 07:30:00,22.0,95.0,0.0,6.7,9.7,9.7,9.7,9.7,-9999.0,721.0,95.0,88.0,1.5,1.7,1.9,1.7
2022-01-01 07:40:00,32.0,95.0,0.0,7.1,9.7,9.8,9.7,9.9,-9999.0,739.0,109.0,109.0,1.5,1.8,2.1,1.5
2022-01-01 07:50:00,52.0,95.0,0.1,5.3,9.8,9.9,9.8,10.1,-9999.0,741.0,124.0,120.0,1.2,1.4,1.6,1.5
2022-01-01 08:00:00,87.0,95.0,0.0,5.6,10.0,10.1,9.8,10.5,-9999.0,753.0,130.0,118.0,1.0,1.4,1.5,1.2
2022-01-01 08:10:00,72.0,95.0,0.0,14.9,10.1,10.2,10.0,10.6,-9999.0,801.0,127.0,139.0,0.6,0.8,0.9,1.0
2022-01-01 08:20:00,64.0,95.0,0.0,11.5,10.2,10.3,10.2,10.7,-9999.0,820.0,109.0,109.0,1.1,1.7,2.0,1.1
2022-01-01 08:30:00,60.0,95.0,0.1,15.7,10.1,10.2,10.1,10.6,-9999.0,824.0,141.0,125.0,1.1,1.5,1.8,1.2
2022-01-01 08:40:00,65.0,94.0,0.0,33.3,10.2,10.4,10.1,10.6,-9999.0,840.0,126.0,113.0,1.1,1.9,2.2,1.1
2022-01-01 08:50:00,75.0,94.0,0.0,11.7,10.2,10.2,10.1,10.4,-9999.0,850.0,92.0,79.0,1.7,2.1,2.4,1.7
2022-01-01 09:00:00,107.0,93.0,0.0,11.9,10.2,10.3,10.2,10.5,-9999.0,900.0,81.0,84.0,2.7,3.6,4.9,2.7
2022-01-01 09:10:00,121.0,91.0,0.0,10.3,10.3,10.4,10.2,10.5,-9999.0,910.0,78.0,75.0,3.5,5.0,5.7,3.5
2022-01-01 09:20:00,141.0,88.0,0.0,11.5,10.2,10.3,10.2,10.5,-9999.0,916.0,71.0,63.0,3.8,4.7,6.2,3.9
2022-01-01 09:30:00,192.0,86.0,0.0,10.9,10.3,10.4,10.2,10.7,-9999.0,930.0,70.0,64.0,4.9,5.5,7.1,4.9
2022-01-01 09:40:00,208.0,85.0,0.0,11.2,10.3,10.4,10.3,10.9,-9999.0,937.0,71.0,68.0,5.1,6.1,7.4,5.3
2022-01-01 09:50:00,161.0,85.0,0.0,11.2,10.5,10.6,10.4,11.0,-9999.0,941.0,77.0,82.0,4.4,5.8,6.4,5.1
2022-01-01 10:00:00,142.0,85.0,0.0,11.4,10.5,10.6,10.4,11.1,-9999.0,1000.0,77.0,77.0,4.5,5.5,6.7,4.5
2022-01-01 10:10:00,138.0,85.0,0.0,11.4,10.5,10.6,10.4,11.3,-9999.0,1002.0,77.0,75.0,4.1,5.2,6.0,4.6
2022-01-01 10:20:00,130.0,84.0,0.0,11.4,10.7,10.7,10.6,11.4,-9999.0,1011.0,83.0,82.0,3.8,4.6,5.6,3.9
2022-01-01 10:30:00,134.0,84.0,0.0,11.2,10.6,10.6,10.6,11.1,-9999.0,1028.0,76.0,75.0,4.0,4.9,6.1,4.1
2022-01-01 10:40:00,150.0,85.0,0.0,10.0,10.5,10.6,10.3,11.1,-9999.0,1040.0,63.0,59.0,4.6,5.8,6.7,4.6
2022-01-01 10:50:00,168.0,86.0,0.0,8.8,10.3,10.4,10.2,11.2,-9999.0,1050.0,55.0,58.0,5.4,6.2,7.6,5.4
2022-01-01 11:00:00,182.0,86.0,0.0,16.0,10.5,10.7,10.4,11.4,-9999.0,1051.0,68.0,60.0,5.0,6.3,7.7,5.3
2022-01-01 11:10:00,179.0,82.0,0.0,12.8,10.8,10.9,10.7,12.0,-9999.0,1110.0,85.0,82.0,5.4,6.7,8.5,5.4
2022-01-01 11:20:00,180.0,83.0,0.0,13.2,10.8,10.9,10.6,12.0,-9999.0,1114.0,75.0,85.0,5.4,6.7,8.9,5.6
2022-01-01 11:30:00,159.0,84.0,0.0,11.4,10.5,10.6,10.4,11.6,-9999.0,1129.0,70.0,65.0,6.1,7.2,9.3,6.2
2022-01-01 11:40:00,115.0,84.0,0.0,10.2,10.3,10.4,10.3,11.2,-9999.0,1140.0,74.0,75.0,6.5,7.7,9.4,6.5
2022-01-01 11:50:00,95.0,84.0,0.0,11.9,10.2,10.3,10.2,10.6,-9999.0,1142.0,79.0,88.0,6.4,7.4,9.1,6.4
2022-01-01 12:00:00,89.0,84.0,0.0,9.3,10.1,10.2,10.1,9.8,-9999.0,1153.0,83.0,88.0,6.6,7.5,9.2,6.7
2022-01-01 12:10:00,97.0,85.0,0.1,10.2,10.1,10.1,9.9,9.8,-9999.0,1210.0,74.0,79.0,6.6,8.3,9.9,6.6
2022-01-01 12:20:00,144.0,86.0,0.0,10.3,10.0,10.1,9.9,9.8,-9999.0,1214.0,73.0,76.0,6.5,8.1,8.8,7.0
2022-01-01 12:30:00,259.0,86.0,0.1,10.3,10.2,10.4,10.0,10.4,-9999.0,1230.0,72.0,71.0,6.8,7.8,9.6,6.8
2022-01-01 12:40:00,232.0,85.0,0.0,13.4,10.5,10.6,10.4,10.8,-9999.0,1231.0,78.0,76.0,5.2,7.1,7.8,6.6
2022-01-01 12:50:00,190.0,84.0,0.0,10.8,10.6,10.7,10.6,10.9,-9999.0,1248.0,81.0,81.0,6.1,8.3,9.4,6.3
2022-01-01 13:00:00,169.0,83.0,0.0,11.0,10.7,10.7,10.6,11.0,-9999.0,1251.0,86.0,82.0,5.6,6.7,8.2,6.2
2022-01-01 13:10:00,167.0,83.0,0.0,11.6,10.6,10.8,10.6,11.3,-9999.0,1301.0,84.0,88.0,5.1,6.8,8.1,5.7
2022-01-01 13:20:00,162.0,83.0,0.0,11.2,10.5,10.8,10.4,11.4,-9999.0,1320.0,79.0,89.0,5.8,6.9,8.2,5.8
2022-01-01 13:30:00,149.0,83.0,0.0,12.9,10.4,10.5,10.4,11.3,-9999.0,1326.0,75.0,83.0,5.2,7.0,8.3,5.9
2022-01-01 13:40:00,165.0,83.0,0.0,10.7,10.6,10.6,10.5,11.6,-9999.0,1340.0,60.0,58.0,5.1,6.6,7.4,5.1
2022-01-01 13:50:00,220.0,83.0,0.0,10.0,10.6,10.7,10.5,11.8,-9999.0,1349.0,59.0,58.0,5.5,6.5,7.4,5.5
2022-01-01 14:00:00,238.0,83.0,0.0,9.5,10.7,10.8,10.6,12.1,-9999.0,1353.0,67.0,63.0,5.8,7.0,7.7,5.9
2022-01-01 14:10:00,268.0,83.0,0.0,12.3,11.0,11.2,10.7,12.9,-9999.0,1401.0,69.0,67.0,5.0,6.0,7.1,5.8
2022-01-01 14:20:00,304.0,81.0,0.0,11.3,11.4,11.6,11.2,14.1,-9999.0,1411.0,68.0,67.0,4.7,5.7,6.6,5.0
2022-01-01 14:30:00,250.0,80.0,0.0,11.3,11.5,11.7,11.4,14.0,-9999.0,1421.0,69.0,83.0,4.7,5.6,6.9,4.8
2022-01-01 14:40:00,376.0,76.0,0.0,10.9,11.9,12.2,11.5,15.2,-9999.0,1438.0,72.0,69.0,4.7,5.9,6.9,4.9
2022-01-01 14:50:00,327.0,76.0,0.0,11.4,12.1,12.4,11.9,15.0,-9999.0,1443.0,72.0,74.0,4.5,5.3,6.2,4.9
2022-01-01 15:00:00,416.0,74.0,0.0,9.6,12.4,12.5,12.4,17.0,-9999.0,1500.0,72.0,75.0,4.8,5.8,6.6,4.8
2022-01-01 15:10:00,432.0,73.0,0.0,10.0,12.5,12.7,12.4,17.3,-9999.0,1509.0,71.0,71.0,4.9,5.7,7.0,4.9
2022-01-01 15:20:00,379.0,72.0,0.0,10.2,12.6,12.8,12.4,17.5,-9999.0,1512.0,71.0,69.0,4.6,5.7,6.6,5.1
2022-01-01 15:30:00,257.0,71.0,0.0,17.6,12.6,12.8,12.4,16.8,-9999.0,1524.0,90.0,76.0,4.2,5.4,6.2,4.6
2022-01-01 15:40:00,130.0,73.0,0.0,14.2,12.2,12.4,11.9,14.2,-9999.0,1540.0,85.0,81.0,4.4,5.6,6.4,4.4
2022-01-01 15:50:00,181.0,74.0,0.0,11.7,11.9,12.0,11.8,14.3,-9999.0,1544.0,87.0,82.0,4.2,5.3,5.8,4.9
2022-01-01 16:00:00,142.0,76.0,0.0,10.7,11.8,11.9,11.7,13.1,-9999.0,1600.0,79.0,76.0,4.4,5.3,5.8,4.4
2022-01-01 16:10:00,106.0,76.0,0.0,10.8,11.7,11.9,11.7,11.9,-9999.0,1603.0,79.0,73.0,3.8,4.9,5.7,4.4
2022-01-01 16:20:00,79.0,73.0,0.0,11.8,11.8,11.9,11.7,11.9,-9999.0,1611.0,85.0,87.0,3.2,4.0,5.2,3.8
2022-01-01 16:30:00,58.0,74.0,0.0,10.4,11.6,11.7,11.5,12.0,-9999.0,1630.0,78.0,74.0,3.8,4.4,5.4,3.8
2022-01-01 16:40:00,32.0,75.0,0.0,10.9,11.2,11.5,11.0,11.4,-9999.0,1639.0,72.0,70.0,4.3,4.8,5.9,4.3
2022-01-01 16:50:00,12.0,77.0,0.0,10.2,10.9,11.0,10.7,10.5,-9999.0,1650.0,66.0,71.0,4.8,5.2,6.5,4.8
2022-01-01 17:00:00,1.0,80.0,0.0,10.0,10.5,10.8,10.3,10.1,-9999.0,1651.0,67.0,77.0,4.7,5.5,6.9,4.8
2022-01-01 17:10:00,0.0,82.0,0.0,10.9,10.1,10.3,10.0,9.7,-9999.0,1705.0,65.0,67.0,4.6,5.5,6.8,4.8
2022-01-01 17:20:00,0.0,84.0,0.0,8.1,9.9,10.0,9.9,9.6,-9999.0,1720.0,62.0,59.0,5.4,6.3,7.0,5.4
2022-01-01 17:30:00,0.0,85.0,0.0,9.9,9.8,9.9,9.8,9.6,-9999.0,1721.0,68.0,66.0,5.0,5.5,7.0,5.4
2022-01-01 17:40:00,0.0,86.0,0.0,9.8,9.8,9.9,9.8,9.6,-9999.0,1739.0,71.0,77.0,5.0,5.8,7.0,5.1
2022-01-01 17:50:00,0.0,86.0,0.0,9.9,9.8,9.9,9.8,9.6,-9999.0,1750.0,74.0,88.0,5.1,5.9,7.3,5.1
2022-01-01 18:00:00,0.0,85.0,0.0,10.9,9.8,9.8,9.8,9.6,-9999.0,1752.0,72.0,76.0,5.0,6.2,7.3,5.2
2022-01-01 18:10:00,0.0,85.0,0.0,10.4,9.8,9.8,9.8,9.6,-9999.0,1804.0,72.0,76.0,4.7,5.5,7.4,5.0
2022-01-01 18:20:00,0.0,85.0,0.0,9.8,9.8,9.8,9.8,9.6,-9999.0,1820.0,68.0,67.0,5.1,5.7,7.2,5.1
2022-01-01 18:30:00,0.0,85.0,0.0,8.4,9.8,9.8,9.8,9.6,-9999.0,1823.0,64.0,71.0,4.8,5.3,6.7,5.2
2022-01-01 18:40:00,0.0,85.0,0.0,8.3,9.8,9.8,9.8,9.6,-9999.0,1832.0,59.0,67.0,4.6,5.6,6.6,4.8
2022-01-01 18:50:00,0.0,86.0,0.0,9.2,9.7,9.8,9.7,9.6,-9999.0,1844.0,53.0,43.0,4.4,5.3,6.0,4.7
2022-01-01 19:00:00,0.0,86.0,0.0,11.3,9.7,9.8,9.7,9.6,-9999.0,1851.0,52.0,44.0,4.3,5.0,6.4,4.4
2022-01-01 19:10:00,0.0,86.0,0.0,10.1,9.8,9.8,9.8,9.6,-9999.0,1906.0,51.0,45.0,4.3,4.8,6.2,4.5
2022-01-01 19:20:00,0.0,86.0,0.0,10.4,9.8,9.9,9.8,9.7,-9999.0,1920.0,55.0,87.0,4.5,5.0,6.6,4.5
2022-01-01 19:30:00,0.0,86.0,0.0,10.3,9.8,9.9,9.8,9.6,-9999.0,1930.0,66.0,69.0,5.0,5.6,6.6,5.0
2022-01-01 19:40:00,0.0,86.0,0.0,9.4,9.8,9.9,9.8,9.6,-9999.0,1933.0,68.0,62.0,4.9,5.5,6.6,5.0
2022-01-01 19:50:00,0.0,85.0,0.0,7.2,9.9,9.9,9.8,9.5,-9999.0,1950.0,66.0,66.0,5.3,5.7,6.5,5.3
2022-01-01 20:00:00,0.0,84.0,0.0,9.0,9.9,9.9,9.8,9.4,-9999.0,1954.0,59.0,68.0,4.6,5.7,6.7,5.3
2022-01-01 20:10:00,0.0,85.0,0.0,7.5,9.7,9.8,9.7,9.3,-9999.0,2010.0,59.0,67.0,4.8,5.5,6.3,4.8
2022-01-01 20:20:00,0.0,85.0,0.0,7.7,9.6,9.7,9.6,9.3,-9999.0,2020.0,65.0,65.0,5.2,5.6,6.6,5.2
2022-01-01 20:30:00,0.0,85.0,0.0,8.3,9.6,9.7,9.6,9.2,-9999.0,2021.0,64.0,63.0,4.7,5.3,6.1,5.2
2022-01-01 20:40:00,0.0,85.0,0.0,6.5,9.8,9.9,9.6,9.5,-9999.0,2037.0,63.0,58.0,5.1,5.6,6.2,5.1
2022-01-01 20:50:00,0.0,84.0,0.0,5.7,9.9,9.9,9.8,9.6,-9999.0,2041.0,59.0,62.0,4.8,5.4,6.1,5.0
2022-01-01 21:00:00,0.0,84.0,0.0,9.2,9.9,9.9,9.8,9.5,-9999.0,2051.0,65.0,60.0,4.2,4.5,5.4,4.7
2022-01-01 21:10:00,0.0,84.0,0.0,9.2,9.8,9.9,9.8,9.5,-9999.0,2110.0,62.0,59.0,4.4,5.0,5.8,4.4
2022-01-01 21:20:00,0.0,83.0,0.0,9.8,9.9,9.9,9.8,9.6,-9999.0,2116.0,72.0,74.0,4.3,5.2,6.0,4.5
2022-01-01 21:30:00,0.0,82.0,0.0,10.5,10.0,10.1,9.9,9.7,-9999.0,2121.0,78.0,84.0,3.5,4.1,5.0,4.2
2022-01-01 21:40:00,0.0,82.0,0.0,12.9,10.1,10.1,10.0,9.7,-9999.0,2131.0,92.0,100.0,3.2,3.7,4.9,3.5
2022-01-01 21:50:00,0.0,82.0,0.0,10.6,10.1,10.2,10.0,9.7,-9999.0,2148.0,96.0,87.0,3.5,4.1,5.3,3.6
2022-01-01 22:00:00,0.0,80.0,0.0,13.1,10.2,10.3,10.2,9.9,-9999.0,2151.0,85.0,88.0,2.9,4.2,4.8,3.6
2022-01-01 22:10:00,0.0,79.0,0.0,19.6,10.4,10.4,10.3,9.8,-9999.0,2201.0,75.0,95.0,1.9,3.0,3.7,2.6
2022-01-01 22:20:00,0.0,81.0,0.0,9.1,10.1,10.4,10.0,9.6,-9999.0,2220.0,40.0,63.0,3.5,4.6,5.2,3.5
2022-01-01 22:30:00,0.0,82.0,0.0,13.2,9.9,10.0,9.8,9.5,-9999.0,2221.0,38.0,35.0,2.5,3.3,4.1,3.6
2022-01-01 22:40:00,0.0,83.0,0.0,7.1,9.7,9.8,9.6,9.2,-9999.0,2240.0,27.0,23.0,2.6,3.1,3.5,2.6
2022-01-01 22:50:00,0.0,83.0,0.0,13.7,9.6,9.7,9.6,9.3,-9999.0,2244.0,42.0,31.0,2.5,3.4,3.8,2.8
2022-01-01 23:00:00,0.0,83.0,0.0,12.9,9.6,9.7,9.6,9.3,-9999.0,2251.0,58.0,49.0,2.1,2.4,3.0,2.4
2022-01-01 23:10:00,0.0,83.0,0.0,9.1,9.6,9.6,9.6,9.3,-9999.0,2310.0,59.0,66.0,2.4,3.0,3.5,2.4
2022-01-01 23:20:00,0.0,84.0,0.0,8.9,9.6,9.6,9.5,9.2,-9999.0,2317.0,57.0,45.0,2.8,3.3,3.9,2.9
2022-01-01 23:30:00,0.0,84.0,0.0,10.4,9.5,9.5,9.5,9.2,-9999.0,2330.0,59.0,60.0,3.2,3.6,4.6,3.2
2022-01-01 23:40:00,0.0,84.0,0.0,8.6,9.5,9.5,9.4,8.9,-9999.0,2339.0,61.0,61.0,3.5,3.8,4.7,3.5
2022-01-01 23:50:00,0.0,85.0,0.0,8.6,9.4,9.5,9.4,8.9,-9999.0,2350.0,67.0,61.0,3.6,4.2,5.0,3.6
2022-01-02 00:00:00,0.0,85.0,0.0,7.4,9.4,9.5,9.4,9.1,-9999.0,2355.0,65.0,60.0,3.8,4.3,5.0,3.9
2022-01-02 00:10:00,0.0,85.0,0.0,7.3,9.4,9.4,9.3,8.9,-9999.0,8.0,66.0,64.0,4.0,4.3,4.9,4.0
2022-01-02 00:20:00,0.0,85.0,0.0,7.6,9.3,9.4,9.3,8.8,-9999.0,20.0,70.0,69.0,4.2,4.7,5.3,4.2
2022-01-02 00:30:00,0.0,84.0,0.0,6.2,9.4,9.5,9.4,8.9,-9999.0,26.0,70.0,70.0,4.4,4.8,5.3,4.5
2022-01-02 00:40:00,0.0,83.0,0.0,6.0,9.6,9.6,9.5,8.9,-9999.0,31.0,78.0,75.0,4.2,4.6,5.0,4.3
2022-01-02 00:50:00,0.0,82.0,0.0,7.3,9.6,9.6,9.5,8.8,-9999.0,50.0,73.0,79.0,4.6,5.0,5.9,4.6
2022-01-02 01:00:00,0.0,82.0,0.0,8.4,9.4,9.5,9.4,8.7,-9999.0,57.0,69.0,54.0,4.6,5.1,5.9,4.8
2022-01-02 01:10:00,0.0,83.0,0.0,9.0,9.3,9.4,9.3,8.5,-9999.0,103.0,78.0,72.0,4.4,4.8,5.5,4.6
2022-01-02 01:20:00,0.0,83.0,0.0,10.0,9.3,9.4,9.3,8.6,-9999.0,111.0,80.0,73.0,3.7,4.7,5.2,4.4
2022-01-02 01:30:00,0.0,83.0,0.0,12.7,9.3,9.4,9.2,8.7,-9999.0,121.0,87.0,79.0,3.2,4.2,4.8,3.5
2022-01-02 01:40:00,0.0,83.0,0.0,12.7,9.3,9.4,9.2,8.7,-9999.0,131.0,91.0,76.0,2.9,3.6,4.7,3.3
2022-01-02 01:50:00,0.0,83.0,0.0,10.7,9.3,9.4,9.3,8.9,-9999.0,146.0,91.0,83.0,3.0,3.7,4.7,3.2
2022-01-02 02:00:00,0.0,83.0,0.0,12.8,9.4,9.5,9.3,8.9,-9999.0,151.0,72.0,87.0,2.5,3.1,3.9,2.8
2022-01-02 02:10:00,0.0,83.0,0.0,9.0,9.4,9.5,9.4,8.9,-9999.0,210.0,57.0,55.0,2.7,3.5,4.3,2.7
2022-01-02 02:20:00,0.0,84.0,0.0,7.8,9.3,9.4,9.2,8.6,-9999.0,220.0,65.0,63.0,3.5,4.0,4.9,3.5
2022-01-02 02:30:00,0.0,84.0,0.0,7.6,9.2,9.2,9.2,8.6,-9999.0,230.0,65.0,65.0,4.2,4.7,5.4,4.2
2022-01-02 02:40:00,0.0,84.0,0.0,7.1,9.2,9.2,9.2,8.7,-9999.0,238.0,65.0,61.0,4.4,4.9,5.8,4.4
2022-01-02 02:50:00,0.0,84.0,0.0,8.7,9.2,9.3,9.2,8.9,-9999.0,241.0,61.0,75.0,4.3,4.7,6.3,4.3
2022-01-02 03:00:00,0.0,84.0,0.0,9.5,9.3,9.4,9.2,9.0,-9999.0,253.0,57.0,60.0,4.0,4.8,6.0,4.4
2022-01-02 03:10:00,0.0,84.0,0.0,9.1,9.4,9.4,9.3,9.1,-9999.0,310.0,65.0,65.0,4.4,4.8,5.6,4.4
2022-01-02 03:20:00,0.0,84.0,0.0,7.4,9.4,9.5,9.4,9.3,-9999.0,317.0,64.0,62.0,4.5,5.2,6.0,4.6
2022-01-02 03:30:00,0.0,84.0,0.0,7.8,9.5,9.5,9.5,9.3,-9999.0,321.0,65.0,65.0,4.2,4.8,5.5,4.4
2022-01-02 03:40:00,0.0,84.0,0.0,7.3,9.5,9.5,9.5,9.3,-9999.0,336.0,65.0,73.0,4.3,4.8,5.4,4.3
2022-01-02 03:50:00,0.0,84.0,0.0,9.9,9.5,9.6,9.5,9.3,-9999.0,341.0,71.0,63.0,3.9,4.4,5.0,4.2
2022-01-02 04:00:00,0.0,84.0,0.0,10.2,9.6,9.6,9.6,9.3,-9999.0,352.0,66.0,70.0,3.5,4.2,5.0,3.8
2022-01-02 04:10:00,0.0,84.0,0.0,9.6,9.6,9.6,9.5,9.2,-9999.0,401.0,58.0,67.0,3.2,3.7,4.8,3.5
2022-01-02 04:20:00,0.0,85.0,0.0,8.4,9.4,9.5,9.4,8.9,-9999.0,420.0,55.0,60.0,3.4,3.9,4.9,3.4
2022-01-02 04:30:00,0.0,85.0,0.0,7.7,9.3,9.4,9.2,8.4,-9999.0,428.0,64.0,60.0,3.8,4.2,4.9,3.9
2022-01-02 04:40:00,0.0,86.0,0.0,10.6,9.1,9.2,9.0,7.9,-9999.0,431.0,69.0,68.0,3.2,3.6,4.9,3.8
2022-01-02 04:50:00,0.0,86.0,0.0,9.9,8.9,9.0,8.8,7.6,-9999.0,450.0,67.0,56.0,3.4,3.8,4.7,3.4
2022-01-02 05:00:00,0.0,87.0,0.0,10.7,8.8,8.8,8.7,7.4,-9999.0,458.0,66.0,67.0,3.5,4.0,4.9,3.6
2022-01-02 05:10:00,0.0,87.0,0.0,8.8,8.6,8.7,8.6,7.2,-9999.0,510.0,61.0,68.0,3.4,3.9,4.8,3.4
2022-01-02 05:20:00,0.0,88.0,0.0,11.1,8.6,8.6,8.5,7.1,-9999.0,514.0,72.0,55.0,3.2,3.9,4.6,3.6
2022-01-02 05:30:00,0.0,88.0,0.0,19.1,8.4,8.5,8.2,6.6,-9999.0,521.0,95.0,79.0,1.6,2.9,3.4,3.1
2022-01-02 05:40:00,0.0,89.0,0.0,15.0,8.2,8.2,8.1,6.2,-9999.0,531.0,110.0,76.0,1.1,1.5,2.2,1.4
2022-01-02 05:50:00,0.0,89.0,0.0,10.1,8.1,8.2,8.1,6.2,-9999.0,550.0,110.0,106.0,2.1,2.6,3.6,2.1
2022-01-02 06:00:00,0.0,89.0,0.0,12.6,8.3,8.4,8.2,6.7,-9999.0,600.0,84.0,73.0,3.1,3.7,4.5,3.1
2022-01-02 06:10:00,0.0,89.0,0.0,12.0,8.5,8.5,8.4,7.0,-9999.0,606.0,80.0,74.0,3.1,4.0,5.0,3.5
2022-01-02 06:20:00,0.0,89.0,0.0,7.0,8.5,8.6,8.4,7.1,-9999.0,620.0,81.0,83.0,3.7,4.2,5.0,3.7
2022-01-02 06:30:00,0.0,89.0,0.0,14.2,8.4,8.5,8.3,7.2,-9999.0,621.0,88.0,83.0,2.5,3.4,4.0,3.6
2022-01-02 06:40:00,0.0,89.0,0.0,9.2,8.4,8.4,8.3,7.4,-9999.0,640.0,73.0,60.0,3.9,4.7,5.4,3.9
2022-01-02 06:50:00,4.0,89.0,0.0,9.8,8.4,8.4,8.4,7.3,-9999.0,645.0,73.0,66.0,4.1,4.7,5.3,4.3
2022-01-02 07:00:00,10.0,88.0,0.0,6.9,8.4,8.5,8.4,7.3,-9999.0,651.0,80.0,71.0,3.9,4.4,5.1,4.1
2022-01-02 07:10:00,27.0,87.0,0.0,5.0,8.6,8.7,8.4,7.6,-9999.0,708.0,73.0,82.0,4.0,4.6,4.9,4.2
2022-01-02 07:20:00,77.0,86.0,0.0,6.6,8.8,9.1,8.6,8.9,-9999.0,711.0,68.0,67.0,3.1,3.3,3.6,3.9
2022-01-02 07:30:00,69.0,83.0,0.0,4.5,9.4,9.6,9.1,10.0,-9999.0,730.0,63.0,56.0,3.4,3.8,4.1,3.4
2022-01-02 07:40:00,61.0,82.0,0.0,7.0,9.6,9.7,9.6,9.9,-9999.0,732.0,63.0,61.0,3.2,3.9,4.2,3.4
2022-01-02 07:50:00,81.0,82.0,0.0,4.8,9.8,9.9,9.6,10.1,-9999.0,746.0,58.0,48.0,3.1,3.8,4.1,3.4
2022-01-02 08:00:00,74.0,81.0,0.0,4.3,10.0,10.0,9.9,10.1,-9999.0,800.0,62.0,62.0,3.3,3.9,4.1,3.3
2022-01-02 08:10:00,59.0,82.0,0.0,4.8,9.9,10.0,9.8,9.6,-9999.0,810.0,65.0,69.0,4.0,4.7,5.5,4.0
2022-01-02 08:20:00,92.0,83.0,0.0,7.9,9.7,9.8,9.6,9.5,-9999.0,816.0,61.0,59.0,4.3,4.7,5.4,4.4
2022-01-02 08:30:00,268.0,85.0,0.0,8.8,10.0,10.4,9.6,11.7,-9999.0,821.0,51.0,42.0,3.7,4.1,4.9,4.2
2022-01-02 08:40:00,304.0,82.0,0.0,11.7,10.6,10.9,10.4,13.4,-9999.0,832.0,49.0,44.0,3.3,4.6,5.3,3.7
2022-01-02 08:50:00,331.0,80.0,0.0,10.4,11.0,11.2,10.9,13.8,-9999.0,849.0,56.0,51.0,3.8,4.7,5.3,3.8
2022-01-02 09:00:00,357.0,77.0,0.0,11.9,11.6,11.7,11.1,14.6,-9999.0,851.0,59.0,55.0,3.2,4.1,4.7,3.8
2022-01-02 09:10:00,198.0,76.0,0.0,10.4,11.9,12.2,11.6,15.4,-9999.0,904.0,48.0,58.0,2.8,3.4,4.0,3.4
2022-01-02 09:20:00,102.0,76.0,0.0,9.7,11.7,12.2,11.5,13.2,-9999.0,911.0,47.0,36.0,2.6,3.2,3.6,2.7
2022-01-02 09:30:00,116.0,77.0,0.0,15.9,11.6,11.8,11.4,12.2,-9999.0,921.0,55.0,41.0,1.6,2.5,2.9,2.5
2022-01-02 09:40:00,112.0,73.0,0.0,20.3,11.9,11.9,11.8,12.3,-9999.0,931.0,95.0,101.0,0.9,1.2,1.4,1.4
2022-01-02 09:50:00,98.0,72.0,0.0,17.8,12.0,12.2,11.9,12.7,-9999.0,941.0,42.0,77.0,0.5,0.8,1.0,0.9
2022-01-02 10:00:00,78.0,72.0,0.0,9.5,11.8,11.9,11.7,12.1,-9999.0,956.0,13.0,20.0,0.6,0.7,0.9,0.6
2022-01-02 10:10:00,67.0,71.0,0.0,0.2,11.8,11.9,11.8,11.8,-9999.0,1001.0,356.0,356.0,0.2,0.6,0.6,0.6
2022-01-02 10:20:00,100.0,71.0,0.0,7.6,11.8,11.9,11.7,11.4,-9999.0,1019.0,358.0,357.0,0.3,0.7,0.8,0.3
2022-01-02 10:30:00,389.0,69.0,0.0,41.6,12.6,13.5,11.9,14.8,-9999.0,1030.0,251.0,241.0,0.4,1.6,2.5,0.4
2022-01-02 10:40:00,603.0,66.0,0.0,18.7,13.5,13.6,13.3,18.8,-9999.0,1040.0,222.0,227.0,1.9,2.8,4.1,1.9
2022-01-02 10:50:00,638.0,65.0,0.0,22.4,13.8,13.8,13.5,19.0,-9999.0,1046.0,226.0,223.0,2.3,3.3,4.1,2.4
2022-01-02 11:00:00,627.0,65.0,0.0,14.6,13.6,13.8,13.4,19.3,-9999.0,1100.0,223.0,221.0,2.6,3.2,4.4,2.6
2022-01-02 11:10:00,696.0,65.0,0.0,20.3,13.8,14.0,13.6,20.0,-9999.0,1110.0,199.0,210.0,3.0,3.5,4.6,3.0
2022-01-02 11:20:00,665.0,66.0,0.0,36.9,13.9,14.2,13.6,20.8,-9999.0,1113.0,230.0,209.0,2.5,3.4,4.1,3.0
2022-01-02 11:30:00,170.0,69.0,0.0,46.0,13.4,14.1,13.0,17.3,-9999.0,1121.0,249.0,271.0,2.3,3.8,4.7,2.5
2022-01-02 11:40:00,81.0,74.0,0.0,18.0,12.7,13.0,12.5,13.9,-9999.0,1136.0,261.0,259.0,2.2,3.0,3.9,2.6
2022-01-02 11:50:00,105.0,77.0,0.0,12.4,12.4,12.5,12.3,13.3,-9999.0,1150.0,271.0,280.0,2.4,2.9,3.9,2.4
2022-01-02 12:00:00,305.0,76.0,0.0,16.7,12.6,12.9,12.3,14.7,-9999.0,1158.0,278.0,286.0,2.2,3.0,3.7,2.5
2022-01-02 12:10:00,337.0,71.0,0.0,19.7,12.9,13.1,12.8,16.8,-9999.0,1210.0,271.0,298.0,3.2,4.3,5.5,3.2
2022-01-02 12:20:00,143.0,72.0,0.0,12.6,12.8,12.8,12.7,14.9,-9999.0,1215.0,296.0,305.0,3.2,3.9,4.6,3.6
2022-01-02 12:30:00,181.0,71.0,0.0,18.9,12.8,12.8,12.7,14.4,-9999.0,1221.0,276.0,254.0,2.7,3.5,4.4,3.1
2022-01-02 12:40:00,209.0,71.0,0.0,16.9,12.9,13.1,12.7,15.2,-9999.0,1231.0,279.0,279.0,2.3,3.3,3.7,2.8
2022-01-02 12:50:00,218.0,70.0,0.0,9.3,13.1,13.1,13.0,15.0,-9999.0,1250.0,292.0,276.0,3.5,4.9,6.1,3.5
2022-01-02 13:00:00,231.0,71.0,0.0,11.2,13.1,13.1,13.0,15.3,-9999.0,1256.0,292.0,280.0,3.9,4.7,5.2,4.1
2022-01-02 13:10:00,54.0,73.0,0.0,13.0,12.6,13.0,12.3,13.4,-9999.0,1307.0,286.0,289.0,4.5,5.6,6.7,4.5
2022-01-02 13:20:00,29.0,74.0,0.0,7.7,12.3,12.4,12.2,12.7,-9999.0,1311.0,280.0,287.0,4.1,4.8,5.3,4.4
2022-01-02 13:30:00,50.0,75.0,0.0,9.8,12.2,12.3,12.2,12.6,-9999.0,1324.0,281.0,278.0,4.0,5.0,5.6,4.2
2022-01-02 13:40:00,79.0,74.0,0.0,11.6,12.3,12.4,12.3,12.8,-9999.0,1331.0,275.0,256.0,3.5,4.2,5.4,4.0
2022-01-02 13:50:00,131.0,74.0,0.0,8.0,12.6,12.7,12.3,13.4,-9999.0,1344.0,294.0,300.0,3.5,4.4,4.9,3.8
2022-01-02 14:00:00,337.0,73.0,0.0,17.1,12.9,13.3,12.7,15.1,-9999.0,1351.0,268.0,250.0,2.4,3.1,4.0,3.4
2022-01-02 14:10:00,303.0,70.0,0.0,18.2,13.6,13.8,13.3,17.3,-9999.0,1410.0,287.0,283.0,3.1,4.2,4.8,3.1
2022-01-02 14:20:00,215.0,70.0,0.0,12.2,13.4,13.6,13.4,15.2,-9999.0,1420.0,284.0,285.0,4.1,5.1,5.6,4.1
2022-01-02 14:30:00,388.0,68.0,0.0,10.3,13.8,14.0,13.4,16.8,-9999.0,1428.0,281.0,284.0,4.0,4.7,5.7,4.1
2022-01-02 14:40:00,228.0,68.0,0.0,12.0,13.5,13.7,13.4,15.3,-9999.0,1440.0,281.0,272.0,4.7,5.8,6.4,4.7
2022-01-02 14:50:00,181.0,69.0,0.0,16.3,13.7,13.9,13.5,15.5,-9999.0,1450.0,300.0,309.0,5.0,6.3,7.3,5.0
2022-01-02 15:00:00,51.0,73.0,0.0,5.9,12.9,13.6,12.6,13.6,-9999.0,1459.0,322.0,319.0,6.3,7.2,7.6,6.3
2022-01-02 15:10:00,107.0,75.0,0.0,5.5,12.6,12.7,12.6,13.2,-9999.0,1501.0,319.0,315.0,5.7,6.5,7.1,6.3
2022-01-02 15:20:00,203.0,73.0,0.0,8.9,13.1,13.5,12.7,15.3,-9999.0,1511.0,309.0,314.0,5.0,5.6,6.6,5.5
2022-01-02 15:30:00,123.0,74.0,0.0,8.2,12.8,13.1,12.7,13.7,-9999.0,1525.0,309.0,311.0,4.9,5.7,6.3,5.4
2022-01-02 15:40:00,72.0,74.0,0.0,6.0,12.7,13.0,12.5,13.1,-9999.0,1540.0,300.0,302.0,5.1,5.6,6.3,5.1
2022-01-02 15:50:00,58.0,75.0,0.0,9.0,12.5,12.6,12.5,12.4,-9999.0,1541.0,306.0,314.0,4.6,5.3,6.0,5.2
2022-01-02 16:00:00,35.0,76.0,0.0,6.1,12.3,12.5,12.2,12.1,-9999.0,1600.0,309.0,308.0,5.5,6.2,7.1,5.5
2022-01-02 16:10:00,22.0,76.0,0.0,5.7,12.1,12.2,12.1,11.9,-9999.0,1602.0,310.0,310.0,4.8,5.6,5.8,5.5
2022-01-02 16:20:00,10.0,78.0,0.0,8.9,12.2,12.3,12.1,12.2,-9999.0,1620.0,316.0,311.0,5.9,7.3,8.1,5.9
2022-01-02 16:30:00,11.0,80.0,0.0,5.9,12.0,12.1,11.9,11.9,-9999.0,1625.0,319.0,319.0,6.2,7.2,8.1,6.4
2022-01-02 16:40:00,8.0,81.0,0.0,5.5,11.7,11.9,11.6,11.2,-9999.0,1631.0,320.0,318.0,5.6,6.3,6.9,6.2
2022-01-02 16:50:00,2.0,82.0,0.0,6.0,11.5,11.6,11.3,10.7,-9999.0,1647.0,319.0,315.0,5.9,6.6,7.4,6.1
2022-01-02 17:00:00,0.0,83.0,0.0,4.8,11.1,11.3,11.0,10.2,-9999.0,1651.0,318.0,312.0,5.0,5.5,6.5,5.8
2022-01-02 17:10:00,0.0,83.0,0.0,4.8,11.1,11.1,11.0,10.3,-9999.0,1709.0,318.0,328.0,5.5,6.2,7.0,5.6
2022-01-02 17:20:00,0.0,84.0,0.0,5.1,10.8,11.0,10.7,9.7,-9999.0,1711.0,316.0,315.0,4.3,5.1,5.7,5.4
2022-01-02 17:30:00,0.0,85.0,0.0,4.8,10.6,10.7,10.5,9.4,-9999.0,1721.0,313.0,320.0,4.0,4.3,4.7,4.3
2022-01-02 17:40:00,0.0,86.0,0.0,3.7,10.4,10.5,10.3,9.1,-9999.0,1740.0,316.0,316.0,4.4,4.6,5.1,4.4
2022-01-02 17:50:00,0.0,87.0,0.0,3.5,10.1,10.3,10.1,8.9,-9999.0,1746.0,316.0,313.0,4.4,4.7,5.2,4.5
2022-01-02 18:00:00,0.0,88.0,0.0,3.5,10.0,10.1,9.9,8.8,-9999.0,1800.0,317.0,321.0,4.5,5.1,5.5,4.5
2022-01-02 18:10:00,0.0,88.0,0.0,3.8,9.9,10.0,9.8,8.7,-9999.0,1805.0,320.0,321.0,4.5,5.1,5.6,4.7
2022-01-02 18:20:00,0.0,89.0,0.0,3.1,9.7,9.8,9.6,8.6,-9999.0,1811.0,327.0,328.0,4.4,4.8,5.2,4.5
2022-01-02 18:30:00,0.0,89.0,0.0,2.5,9.6,9.7,9.5,8.4,-9999.0,1824.0,326.0,329.0,4.1,4.6,4.9,4.4
2022-01-02 18:40:00,0.0,90.0,0.0,2.7,9.2,9.5,9.0,7.9,-9999.0,1831.0,328.0,328.0,3.4,3.8,4.0,4.0
2022-01-02 18:50:00,0.0,90.0,0.0,3.5,8.9,9.1,8.8,7.5,-9999.0,1850.0,330.0,327.0,3.5,3.7,4.0,3.5
2022-01-02 19:00:00,0.0,91.0,0.0,1.9,8.6,8.8,8.4,7.2,-9999.0,1900.0,335.0,337.0,3.6,4.0,4.2,3.6
2022-01-02 19:10:00,0.0,92.0,0.0,2.0,8.6,8.6,8.4,7.4,-9999.0,1906.0,337.0,336.0,3.8,4.0,4.2,3.9
2022-01-02 19:20:00,0.0,92.0,0.0,2.8,8.6,8.6,8.6,7.4,-9999.0,1920.0,333.0,326.0,3.7,4.0,4.5,3.7
2022-01-02 19:30:00,0.0,92.0,0.0,2.8,8.5,8.6,8.5,7.4,-9999.0,1930.0,329.0,329.0,4.1,4.3,4.9,4.1
2022-01-02 19:40:00,0.0,92.0,0.0,2.4,8.5,8.6,8.4,7.4,-9999.0,1931.0,327.0,326.0,4.0,4.1,4.7,4.1
2022-01-02 19:50:00,0.0,92.0,0.0,3.1,8.6,8.6,8.5,7.4,-9999.0,1950.0,328.0,330.0,4.4,4.6,5.3,4.4
2022-01-02 20:00:00,0.0,92.0,0.0,2.2,8.5,8.6,8.4,7.4,-9999.0,1953.0,331.0,327.0,4.4,4.7,5.0,4.5
2022-01-02 20:10:00,0.0,91.0,0.0,2.1,8.5,8.6,8.4,7.4,-9999.0,2010.0,330.0,330.0,4.5,5.0,5.2,4.5
2022-01-02 20:20:00,0.0,92.0,0.0,1.9,8.4,8.5,8.4,7.3,-9999.0,2015.0,334.0,334.0,4.5,4.7,4.9,4.7
2022-01-02 20:30:00,0.0,92.0,0.0,1.8,8.3,8.5,8.2,7.2,-9999.0,2021.0,335.0,338.0,4.1,4.4,4.6,4.5
2022-01-02 20:40:00,0.0,92.0,0.0,0.9,8.1,8.2,8.0,6.9,-9999.0,2040.0,334.0,334.0,4.1,4.3,4.5,4.1
2022-01-02 20:50:00,0.0,93.0,0.0,2.7,8.1,8.2,7.8,7.0,-9999.0,2050.0,334.0,324.0,4.5,4.9,5.2,4.5
2022-01-02 21:00:00,0.0,93.0,0.0,2.2,8.3,8.4,8.1,7.1,-9999.0,2051.0,342.0,339.0,3.8,4.3,4.4,4.5
2022-01-02 21:10:00,0.0,93.0,0.0,3.3,8.0,8.1,7.8,6.9,-9999.0,2110.0,334.0,328.0,3.7,4.3,4.6,3.7
2022-01-02 21:20:00,0.0,94.0,0.0,2.8,8.2,8.5,7.8,7.6,-9999.0,2117.0,327.0,333.0,4.2,4.4,4.7,4.3
2022-01-02 21:30:00,0.0,94.0,0.0,5.1,8.8,9.0,8.5,8.5,-9999.0,2124.0,331.0,324.0,3.9,4.5,4.7,4.2
2022-01-02 21:40:00,0.0,94.0,0.0,3.3,8.9,9.0,8.8,8.5,-9999.0,2131.0,341.0,341.0,3.3,3.5,3.7,3.8
2022-01-02 21:50:00,0.0,94.0,0.0,3.6,9.1,9.3,8.9,8.8,-9999.0,2150.0,341.0,343.0,3.5,4.2,4.3,3.5
2022-01-02 22:00:00,0.0,94.0,0.2,6.2,9.3,9.5,9.1,9.1,-9999.0,2157.0,347.0,357.0,4.0,4.7,5.4,4.1
2022-01-02 22:10:00,0.0,94.0,0.4,11.6,9.6,9.6,9.4,9.3,-9999.0,2201.0,359.0,4.0,2.8,3.8,4.1,3.9
2022-01-02 22:20:00,0.0,94.0,0.2,4.8,9.2,9.4,9.2,9.0,-9999.0,2215.0,359.0,354.0,2.9,3.8,4.0,3.2
2022-01-02 22:30:00,0.0,94.0,0.0,23.1,9.2,9.2,9.1,8.8,-9999.0,2221.0,337.0,261.0,2.2,2.6,2.8,2.7
2022-01-02 22:40:00,0.0,94.0,0.2,9.6,9.2,9.3,9.1,9.0,-9999.0,2231.0,287.0,266.0,1.7,2.5,2.7,2.3
2022-01-02 22:50:00,0.0,94.0,0.0,5.0,9.2,9.3,9.1,8.8,-9999.0,2241.0,271.0,270.0,0.8,1.2,1.3,1.5
2022-01-02 23:00:00,0.0,94.0,0.0,0.1,9.0,9.1,8.9,8.1,-9999.0,2251.0,261.0,262.0,0.1,0.5,0.6,0.7
2022-01-02 23:10:00,0.0,95.0,0.0,0.2,8.8,8.9,8.7,7.6,-9999.0,2306.0,256.0,256.0,0.1,0.3,0.4,0.1
2022-01-02 23:20:00,0.0,95.0,0.0,2.8,8.7,8.7,8.6,7.7,-9999.0,2320.0,288.0,292.0,0.1,0.8,1.1,0.1
2022-01-02 23:30:00,0.0,95.0,0.0,10.0,8.6,8.7,8.4,8.0,-9999.0,2330.0,290.0,274.0,0.9,1.2,1.4,0.9
2022-01-02 23:40:00,0.0,95.0,0.0,6.8,8.4,8.5,8.4,7.6,-9999.0,2340.0,280.0,291.0,1.5,1.9,2.3,1.5
2022-01-02 23:50:00,0.0,96.0,0.0,12.6,8.7,8.9,8.4,7.9,-9999.0,2349.0,309.0,300.0,2.1,2.5,2.9,2.1
2022-01-03 00:00:00,0.0,95.0,0.0,8.2,9.0,9.1,8.9,8.4,-9999.0,0.0,315.0,301.0,2.0,2.3,2.8,2.0
2022-01-03 00:10:00,0.0,95.0,0.0,4.9,8.9,9.1,8.7,8.6,-9999.0,4.0,296.0,296.0,2.0,2.3,2.5,2.1
2022-01-03 00:20:00,0.0,95.0,0.0,2.4,8.9,9.0,8.8,8.7,-9999.0,20.0,286.0,286.0,2.3,2.5,2.7,2.3
2022-01-03 00:30:00,0.0,95.0,0.0,9.7,9.1,9.1,9.0,8.7,-9999.0,21.0,272.0,252.0,2.2,2.6,3.0,2.3
2022-01-03 00:40:00,0.0,95.0,0.0,18.5,9.1,9.1,8.9,8.7,-9999.0,33.0,276.0,253.0,1.6,2.5,3.0,2.2
2022-01-03 00:50:00,0.0,95.0,0.0,25.8,8.9,8.9,8.8,8.6,-9999.0,41.0,266.0,259.0,1.0,1.5,1.7,1.5
2022-01-03 01:00:00,0.0,95.0,0.0,9.2,8.8,8.9,8.7,8.6,-9999.0,100.0,263.0,260.0,1.7,2.0,2.4,1.7
2022-01-03 01:10:00,0.0,95.0,0.0,9.8,8.7,8.8,8.7,8.6,-9999.0,104.0,273.0,296.0,1.6,2.5,3.1,2.0
2022-01-03 01:20:00,0.0,96.0,0.0,18.0,8.7,8.7,8.7,8.6,-9999.0,111.0,265.0,251.0,1.0,2.1,2.8,1.5
2022-01-03 01:30:00,0.0,96.0,0.0,15.3,8.6,8.7,8.6,8.4,-9999.0,122.0,258.0,265.0,0.6,1.3,1.6,1.1
2022-01-03 01:40:00,0.0,96.0,0.0,8.9,8.6,8.6,8.6,8.5,-9999.0,140.0,265.0,260.0,1.1,1.4,1.9,1.1
2022-01-03 01:50:00,0.0,96.0,0.4,12.9,8.5,8.6,8.5,8.6,-9999.0,148.0,252.0,260.0,1.1,1.6,1.8,1.2
2022-01-03 02:00:00,0.0,96.0,0.8,16.5,8.5,8.5,8.4,8.5,-9999.0,151.0,228.0,234.0,0.9,1.6,2.1,1.1
2022-01-03 02:10:00,0.0,96.0,0.4,15.2,8.5,8.5,8.4,8.6,-9999.0,208.0,207.0,227.0,1.2,1.7,2.5,1.3
2022-01-03 02:20:00,0.0,96.0,0.0,25.2,8.5,8.5,8.4,8.6,-9999.0,211.0,231.0,229.0,0.9,1.2,1.6,1.1
2022-01-03 02:30:00,0.0,96.0,0.1,24.6,8.5,8.6,8.4,8.5,-9999.0,222.0,242.0,238.0,0.9,1.2,1.9,1.0
2022-01-03 02:40:00,0.0,96.0,0.0,13.1,8.6,8.6,8.5,8.5,-9999.0,236.0,243.0,244.0,0.6,1.3,1.6,0.9
2022-01-03 02:50:00,0.0,96.0,0.0,16.9,8.5,8.6,8.4,8.6,-9999.0,250.0,184.0,197.0,0.7,1.2,1.5,0.7
2022-01-03 03:00:00,0.0,96.0,0.0,10.4,8.5,8.6,8.5,8.7,-9999.0,300.0,211.0,218.0,1.4,1.8,2.2,1.4
2022-01-03 03:10:00,0.0,97.0,0.0,14.0,8.6,8.7,8.6,8.8,-9999.0,303.0,223.0,221.0,1.2,2.0,2.5,1.4
2022-01-03 03:20:00,0.0,97.0,0.0,13.9,8.7,8.7,8.6,8.9,-9999.0,320.0,236.0,243.0,1.4,1.9,2.7,1.4
2022-01-03 03:30:00,0.0,97.0,0.0,14.7,8.7,8.7,8.7,8.9,-9999.0,330.0,249.0,261.0,2.0,2.8,3.7,2.0
2022-01-03 03:40:00,0.0,97.0,0.1,16.6,8.7,8.7,8.6,8.9,-9999.0,339.0,241.0,242.0,2.6,3.7,4.4,2.6
2022-01-03 03:50:00,0.0,97.0,0.1,17.7,8.6,8.7,8.6,8.8,-9999.0,341.0,235.0,230.0,1.7,2.7,3.3,2.6
2022-01-03 04:00:00,0.0,97.0,0.0,10.5,8.6,8.7,8.6,8.8,-9999.0,351.0,256.0,267.0,1.6,2.0,2.6,1.6
2022-01-03 04:10:00,0.0,97.0,0.0,16.0,8.7,8.7,8.6,8.9,-9999.0,410.0,240.0,229.0,1.9,2.6,2.9,1.9
2022-01-03 04:20:00,0.0,97.0,0.0,15.3,8.6,8.7,8.6,8.9,-9999.0,420.0,259.0,261.0,2.4,3.2,4.1,2.4
2022-01-03 04:30:00,0.0,97.0,0.0,13.6,8.7,8.7,8.6,8.9,-9999.0,425.0,258.0,260.0,2.5,3.2,3.5,2.7
2022-01-03 04:40:00,0.0,97.0,0.0,13.2,8.6,8.7,8.6,8.8,-9999.0,439.0,275.0,274.0,2.6,3.3,3.8,2.6
2022-01-03 04:50:00,0.0,97.0,0.0,20.0,8.6,8.7,8.6,8.8,-9999.0,442.0,268.0,270.0,2.1,3.0,3.7,2.6
2022-01-03 05:00:00,0.0,97.0,0.0,10.4,8.6,8.7,8.6,8.8,-9999.0,458.0,276.0,280.0,2.7,3.1,3.6,2.8
2022-01-03 05:10:00,0.0,97.0,0.0,11.0,8.7,8.7,8.6,8.9,-9999.0,501.0,280.0,279.0,1.9,2.2,2.5,2.6
2022-01-03 05:20:00,0.0,97.0,0.0,11.7,8.7,8.7,8.6,8.9,-9999.0,511.0,300.0,299.0,1.6,2.6,2.9,1.8
2022-01-03 05:30:00,0.0,97.0,0.0,10.3,8.6,8.7,8.6,8.9,-9999.0,529.0,298.0,302.0,2.0,2.6,2.7,2.1
2022-01-03 05:40:00,0.0,97.0,0.0,9.1,8.6,8.7,8.6,8.9,-9999.0,540.0,302.0,300.0,2.4,3.0,3.2,2.4
2022-01-03 05:50:00,0.0,97.0,0.0,12.4,8.6,8.7,8.6,8.8,-9999.0,542.0,284.0,288.0,1.9,2.8,2.7,2.5
2022-01-03 06:00:00,0.0,97.0,0.0,8.4,8.6,8.7,8.6,8.9,-9999.0,600.0,291.0,279.0,2.1,2.4,2.8,2.1
2022-01-03 06:10:00,0.0,97.0,0.0,6.6,8.6,8.7,8.6,8.8,-9999.0,610.0,292.0,287.0,2.6,3.5,4.0,2.6
2022-01-03 06:20:00,0.0,97.0,0.0,5.4,8.6,8.6,8.6,8.8,-9999.0,618.0,295.0,289.0,2.7,3.1,3.5,2.9
2022-01-03 06:30:00,0.0,98.0,0.0,8.4,8.6,8.6,8.6,8.8,-9999.0,621.0,289.0,277.0,1.6,2.1,2.4,2.6
2022-01-03 06:40:00,1.0,97.0,0.0,19.1,8.6,8.7,8.6,8.8,-9999.0,636.0,240.0,256.0,1.4,2.0,2.3,1.7
2022-01-03 06:50:00,2.0,98.0,0.0,15.0,8.6,8.7,8.6,8.8,-9999.0,641.0,250.0,254.0,1.0,1.6,2.0,1.4
2022-01-03 07:00:00,5.0,98.0,0.0,39.8,8.7,8.7,8.6,9.0,-9999.0,651.0,227.0,183.0,0.5,1.1,1.2,0.9
2022-01-03 07:10:00,7.0,98.0,0.0,27.8,8.8,8.8,8.7,9.0,-9999.0,710.0,268.0,253.0,0.7,1.0,1.2,0.7
2022-01-03 07:20:00,16.0,98.0,0.0,13.6,8.7,8.8,8.7,9.0,-9999.0,720.0,246.0,238.0,1.2,1.7,1.9,1.2
2022-01-03 07:30:00,34.0,98.0,0.0,9.6,8.8,8.8,8.7,9.2,-9999.0,730.0,252.0,238.0,1.4,2.2,2.8,1.4
2022-01-03 07:40:00,72.0,98.0,0.0,27.8,8.9,8.9,8.8,9.3,-9999.0,733.0,231.0,272.0,1.2,2.0,2.2,1.6
2022-01-03 07:50:00,50.0,98.0,0.0,22.9,8.9,8.9,8.8,9.3,-9999.0,741.0,235.0,240.0,0.9,1.5,1.8,1.1
2022-01-03 08:00:00,59.0,98.0,0.0,11.6,8.9,9.0,8.8,9.4,-9999.0,800.0,254.0,261.0,1.4,2.0,2.3,1.4
2022-01-03 08:10:00,68.0,98.0,0.0,12.5,8.9,9.0,8.8,9.5,-9999.0,810.0,249.0,236.0,1.7,2.3,2.7,1.7
2022-01-03 08:20:00,63.0,98.0,0.0,11.3,9.0,9.1,8.8,9.5,-9999.0,820.0,261.0,264.0,2.3,3.2,3.9,2.3
2022-01-03 08:30:00,70.0,98.0,0.0,13.3,8.9,9.0,8.8,9.5,-9999.0,822.0,256.0,258.0,2.0,2.5,3.1,2.5
2022-01-03 08:40:00,121.0,98.0,0.0,12.3,8.9,9.0,8.8,9.9,-9999.0,837.0,269.0,276.0,2.0,2.7,3.5,2.1
2022-01-03 08:50:00,229.0,98.0,0.0,20.2,9.1,9.2,8.8,11.3,-9999.0,843.0,242.0,230.0,1.7,2.4,3.1,2.1
2022-01-03 09:00:00,305.0,97.0,0.0,17.9,9.3,9.4,9.1,11.6,-9999.0,900.0,260.0,246.0,2.2,3.2,4.3,2.2
2022-01-03 09:10:00,311.0,97.0,0.0,17.8,9.6,9.8,9.4,13.1,-9999.0,906.0,255.0,240.0,2.2,3.6,4.3,2.6
2022-01-03 09:20:00,227.0,97.0,0.0,18.3,9.6,9.8,9.5,12.7,-9999.0,920.0,271.0,268.0,2.3,3.0,3.4,2.3
2022-01-03 09:30:00,167.0,96.0,0.0,10.7,9.4,9.6,9.0,11.0,-9999.0,928.0,262.0,262.0,2.8,3.4,3.9,2.9
2022-01-03 09:40:00,209.0,96.0,0.0,17.4,9.2,9.4,9.0,10.8,-9999.0,931.0,255.0,243.0,2.0,2.6,3.3,2.7
2022-01-03 09:50:00,140.0,96.0,0.0,10.9,9.1,9.3,9.0,10.4,-9999.0,948.0,257.0,250.0,2.7,3.2,3.8,2.7
2022-01-03 10:00:00,245.0,96.0,0.0,17.0,9.2,9.6,9.0,10.9,-9999.0,954.0,240.0,229.0,2.0,3.3,3.7,2.6
2022-01-03 10:10:00,429.0,95.0,0.0,16.9,9.7,10.1,9.3,13.3,-9999.0,1009.0,236.0,250.0,2.2,2.9,4.1,2.2
2022-01-03 10:20:00,212.0,94.0,0.0,16.6,10.1,10.4,9.9,12.7,-9999.0,1020.0,261.0,281.0,2.5,3.0,3.8,2.5
2022-01-03 10:30:00,362.0,93.0,0.0,10.0,9.9,10.2,9.8,12.8,-9999.0,1030.0,263.0,279.0,2.9,3.8,4.7,2.9
2022-01-03 10:40:00,526.0,90.0,0.0,14.1,10.6,11.0,10.2,14.9,-9999.0,1039.0,262.0,273.0,3.2,4.1,4.9,3.3
2022-01-03 10:50:00,594.0,85.0,0.0,13.8,11.2,11.4,10.9,15.4,-9999.0,1050.0,262.0,244.0,3.7,4.7,5.7,3.7
2022-01-03 11:00:00,641.0,80.0,0.0,19.9,11.5,11.7,11.1,16.3,-9999.0,1053.0,251.0,248.0,3.7,4.7,5.9,4.0
2022-01-03 11:10:00,549.0,80.0,0.0,19.6,11.5,11.7,11.4,15.8,-9999.0,1102.0,257.0,254.0,3.6,5.1,6.5,4.0
2022-01-03 11:20:00,416.0,79.0,0.0,19.6,11.9,12.1,11.5,15.7,-9999.0,1111.0,257.0,279.0,3.4,4.8,5.7,3.5
2022-01-03 11:30:00,286.0,80.0,0.0,11.8,11.6,11.7,11.5,13.8,-9999.0,1125.0,272.0,274.0,3.5,4.2,5.1,3.6
2022-01-03 11:40:00,332.0,80.0,0.0,20.9,11.9,12.3,11.5,15.1,-9999.0,1131.0,275.0,280.0,2.8,3.9,4.5,3.5
2022-01-03 11:50:00,299.0,79.0,0.0,18.7,12.0,12.2,11.7,14.6,-9999.0,1150.0,269.0,283.0,3.5,5.4,6.2,3.5
2022-01-03 12:00:00,245.0,77.0,0.0,9.5,11.6,11.8,11.5,13.2,-9999.0,1156.0,281.0,273.0,4.3,5.1,6.2,4.6
2022-01-03 12:10:00,363.0,77.0,0.0,16.7,11.7,11.9,11.5,14.0,-9999.0,1201.0,274.0,256.0,3.7,5.1,5.7,4.2
2022-01-03 12:20:00,288.0,76.0,0.0,13.5,12.0,12.2,11.9,14.4,-9999.0,1215.0,277.0,266.0,4.0,5.0,5.8,4.1
2022-01-03 12:30:00,125.0,77.0,0.0,12.4,11.7,12.0,11.6,13.0,-9999.0,1222.0,273.0,286.0,3.8,4.7,5.3,4.1
2022-01-03 12:40:00,59.0,80.0,0.0,19.0,11.4,11.6,11.3,12.2,-9999.0,1233.0,250.0,259.0,3.2,4.5,5.6,3.8
2022-01-03 12:50:00,60.0,82.0,0.0,24.5,11.2,11.3,11.1,11.9,-9999.0,1241.0,255.0,275.0,2.7,4.1,4.9,3.1
2022-01-03 13:00:00,102.0,82.0,0.0,12.6,11.3,11.4,11.2,12.2,-9999.0,1254.0,259.0,257.0,3.0,3.8,4.8,3.1
2022-01-03 13:10:00,105.0,82.0,0.0,17.7,11.3,11.4,11.3,12.4,-9999.0,1301.0,257.0,252.0,2.5,3.3,4.2,3.0
2022-01-03 13:20:00,92.0,83.0,0.0,12.9,11.4,11.5,11.3,12.5,-9999.0,1311.0,251.0,252.0,2.4,3.3,3.8,2.5
2022-01-03 13:30:00,46.0,82.0,0.0,12.0,11.3,11.4,11.2,11.7,-9999.0,1328.0,275.0,279.0,3.5,4.4,4.9,3.5
2022-01-03 13:40:00,40.0,81.0,0.0,10.3,11.2,11.2,11.1,11.3,-9999.0,1340.0,275.0,268.0,3.6,4.5,5.0,3.6
2022-01-03 13:50:00,41.0,82.0,0.0,12.1,11.1,11.2,11.1,10.7,-9999.0,1343.0,282.0,291.0,3.4,4.2,4.7,3.8
2022-01-03 14:00:00,49.0,83.0,0.0,8.7,11.1,11.2,11.1,10.9,-9999.0,1351.0,282.0,277.0,3.0,4.1,4.8,3.4
2022-01-03 14:10:00,46.0,84.0,0.0,11.7,11.1,11.2,11.0,11.3,-9999.0,1409.0,272.0,255.0,3.6,4.3,5.0,3.6
2022-01-03 14:20:00,136.0,84.0,0.0,9.9,11.1,11.3,11.0,11.9,-9999.0,1411.0,270.0,274.0,3.1,4.3,4.9,3.5
2022-01-03 14:30:00,99.0,85.0,0.0,15.1,11.3,11.4,11.3,12.4,-9999.0,1423.0,264.0,256.0,3.1,4.1,4.9,3.3
2022-01-03 14:40:00,65.0,86.0,0.0,20.3,11.3,11.4,11.2,11.8,-9999.0,1433.0,260.0,271.0,2.8,4.1,5.2,3.3
2022-01-03 14:50:00,50.0,86.0,0.0,13.1,11.3,11.4,11.2,11.4,-9999.0,1446.0,269.0,242.0,3.0,3.4,4.3,3.1
2022-01-03 15:00:00,35.0,86.0,0.0,20.1,11.1,11.2,11.0,10.8,-9999.0,1500.0,270.0,250.0,3.9,5.7,7.6,3.9
2022-01-03 15:10:00,105.0,87.0,0.0,7.4,11.2,11.2,11.1,11.2,-9999.0,1505.0,295.0,300.0,4.5,5.4,6.1,4.6
2022-01-03 15:20:00,139.0,85.0,0.0,7.6,11.3,11.4,11.1,11.9,-9999.0,1511.0,302.0,307.0,4.4,4.9,5.7,4.7
2022-01-03 15:30:00,88.0,81.0,0.0,7.6,11.4,11.4,11.3,11.6,-9999.0,1528.0,313.0,302.0,5.1,6.1,6.9,5.1
2022-01-03 15:40:00,51.0,82.0,0.0,6.8,11.3,11.4,11.2,11.1,-9999.0,1531.0,316.0,315.0,4.0,4.5,5.0,4.9
2022-01-03 15:50:00,33.0,81.0,0.0,4.4,11.1,11.2,11.0,10.4,-9999.0,1543.0,318.0,317.0,3.9,4.5,4.9,4.1
2022-01-03 16:00:00,72.0,81.0,0.0,7.5,11.2,11.3,11.0,11.3,-9999.0,1551.0,306.0,316.0,2.8,3.7,4.1,3.8
2022-01-03 16:10:00,68.0,81.0,0.0,6.4,11.3,11.4,11.2,11.5,-9999.0,1610.0,301.0,299.0,3.4,4.0,4.5,3.4
2022-01-03 16:20:00,57.0,80.0,0.0,6.8,11.4,11.5,11.4,11.6,-9999.0,1619.0,306.0,303.0,3.6,4.5,4.9,3.6
2022-01-03 16:30:00,25.0,79.0,0.0,6.9,11.2,11.4,11.1,10.4,-9999.0,1630.0,311.0,305.0,4.0,4.7,5.2,4.0
2022-01-03 16:40:00,13.0,76.0,0.0,6.7,10.9,11.1,10.9,10.0,-9999.0,1640.0,310.0,308.0,5.5,6.5,7.0,5.5
2022-01-03 16:50:00,3.0,74.0,0.0,5.5,10.9,10.9,10.7,9.6,-9999.0,1646.0,309.0,316.0,5.9,6.9,7.9,6.0
2022-01-03 17:00:00,0.0,77.0,0.0,5.1,10.5,10.7,10.4,9.2,-9999.0,1651.0,310.0,314.0,4.7,5.3,5.7,5.8
2022-01-03 17:10:00,0.0,76.0,0.0,5.1,10.3,10.4,10.1,8.9,-9999.0,1705.0,314.0,317.0,4.8,5.6,6.3,4.9
2022-01-03 17:20:00,0.0,73.0,0.0,5.6,10.1,10.2,10.1,8.6,-9999.0,1711.0,320.0,312.0,4.5,5.2,5.7,4.8
2022-01-03 17:30:00,0.0,74.0,0.0,5.1,9.9,10.1,9.8,8.4,-9999.0,1724.0,318.0,315.0,4.5,5.5,5.9,4.5
2022-01-03 17:40:00,0.0,74.0,0.0,6.8,9.8,9.9,9.6,8.3,-9999.0,1740.0,324.0,327.0,5.4,6.0,6.9,5.4
2022-01-03 17:50:00,0.0,74.0,0.0,4.4,9.6,9.7,9.5,8.2,-9999.0,1749.0,334.0,338.0,6.0,7.0,8.2,6.0
2022-01-03 18:00:00,0.0,74.0,0.0,4.7,9.4,9.5,9.4,8.2,-9999.0,1800.0,335.0,334.0,6.4,7.0,7.8,6.4
2022-01-03 18:10:00,0.0,74.0,0.0,5.4,9.4,9.5,9.3,7.9,-9999.0,1802.0,340.0,344.0,5.8,6.5,7.2,6.3
2022-01-03 18:20:00,0.0,74.0,0.0,8.2,9.3,9.4,9.2,7.8,-9999.0,1811.0,332.0,341.0,5.0,6.0,7.4,5.8
2022-01-03 18:30:00,0.0,75.0,0.0,5.9,9.1,9.3,9.1,7.7,-9999.0,1821.0,319.0,313.0,4.1,4.6,5.1,4.8
2022-01-03 18:40:00,0.0,76.0,0.0,6.1,9.0,9.1,8.8,7.4,-9999.0,1834.0,330.0,326.0,4.1,4.6,5.2,4.2
2022-01-03 18:50:00,0.0,78.0,0.0,4.2,8.6,8.8,8.5,6.8,-9999.0,1841.0,335.0,340.0,3.8,4.1,4.8,4.0
2022-01-03 19:00:00,0.0,79.0,0.0,3.7,8.5,8.6,8.3,6.5,-9999.0,1855.0,342.0,337.0,3.4,4.2,4.8,3.8
2022-01-03 19:10:00,0.0,80.0,0.0,3.6,8.2,8.3,8.1,5.7,-9999.0,1901.0,348.0,339.0,2.8,3.0,3.4,3.3
2022-01-03 19:20:00,0.0,80.0,0.0,3.8,8.4,8.5,8.3,5.8,-9999.0,1920.0,351.0,348.0,2.9,3.5,3.9,2.9
2022-01-03 19:30:00,0.0,81.0,0.0,7.8,8.1,8.3,8.0,5.7,-9999.0,1925.0,356.0,354.0,3.2,3.6,4.0,3.2
2022-01-03 19:40:00,0.0,82.0,0.0,6.6,8.0,8.1,7.9,5.7,-9999.0,1940.0,356.0,354.0,3.6,3.8,4.2,3.6
2022-01-03 19:50:00,0.0,83.0,0.0,13.0,7.9,8.0,7.8,5.8,-9999.0,1950.0,357.0,355.0,3.9,4.2,4.5,3.9
2022-01-03 20:00:00,0.0,83.0,0.0,4.0,7.9,7.9,7.8,5.9,-9999.0,2000.0,2.0,0.0,4.1,4.3,4.7,4.1
2022-01-03 20:10:00,0.0,84.0,0.0,6.7,8.0,8.1,7.9,6.1,-9999.0,2007.0,5.0,2.0,4.2,4.6,5.0,4.3
2022-01-03 20:20:00,0.0,84.0,0.0,6.8,8.2,8.2,8.1,6.2,-9999.0,2011.0,6.0,2.0,3.6,4.0,4.4,4.2
2022-01-03 20:30:00,0.0,84.0,0.0,3.8,8.2,8.3,8.1,6.2,-9999.0,2021.0,6.0,4.0,3.2,3.5,3.8,3.6
2022-01-03 20:40:00,0.0,85.0,0.0,2.9,8.0,8.1,7.8,5.8,-9999.0,2031.0,3.0,2.0,2.8,3.0,3.1,3.1
2022-01-03 20:50:00,0.0,85.0,0.0,3.8,8.1,8.3,7.9,5.8,-9999.0,2041.0,8.0,2.0,2.4,2.9,3.0,2.8
2022-01-03 21:00:00,0.0,84.0,0.0,10.0,8.4,8.6,8.3,5.9,-9999.0,2100.0,7.0,13.0,2.5,2.7,2.8,2.5
2022-01-03 21:10:00,0.0,84.0,0.0,5.0,8.1,8.5,7.7,5.8,-9999.0,2110.0,4.0,2.0,2.9,3.1,3.4,2.9
2022-01-03 21:20:00,0.0,86.0,0.0,7.5,7.6,7.9,7.4,5.2,-9999.0,2111.0,359.0,357.0,2.7,3.0,3.2,2.9
2022-01-03 21:30:00,0.0,87.0,0.0,4.6,7.1,7.4,6.9,4.5,-9999.0,2121.0,4.0,4.0,2.2,2.5,2.6,2.7
2022-01-03 21:40:00,0.0,88.0,0.0,4.5,7.0,7.2,6.9,4.4,-9999.0,2131.0,16.0,16.0,2.2,2.3,2.5,2.2
2022-01-03 21:50:00,0.0,89.0,0.0,3.9,7.6,7.8,7.2,4.8,-9999.0,2148.0,13.0,12.0,2.3,2.4,2.5,2.3
2022-01-03 22:00:00,0.0,87.0,0.0,4.0,7.5,7.9,7.3,4.6,-9999.0,2153.0,5.0,10.0,2.2,2.3,2.5,2.3
2022-01-03 22:10:00,0.0,88.0,0.0,7.8,7.2,7.3,7.1,4.4,-9999.0,2210.0,358.0,0.0,2.5,3.0,3.1,2.5
2022-01-03 22:20:00,0.0,87.0,0.0,10.4,7.0,7.1,6.9,4.6,-9999.0,2220.0,356.0,356.0,2.9,3.3,3.5,2.9
2022-01-03 22:30:00,0.0,87.0,0.0,3.3,7.0,7.1,6.7,4.7,-9999.0,2227.0,357.0,2.0,3.2,3.5,3.7,3.3
2022-01-03 22:40:00,0.0,87.0,0.0,7.9,6.8,7.0,6.7,4.3,-9999.0,2231.0,356.0,355.0,3.1,3.4,3.8,3.2
2022-01-03 22:50:00,0.0,86.0,0.0,3.4,6.9,7.0,6.8,4.6,-9999.0,2247.0,353.0,351.0,3.2,3.4,3.6,3.3
2022-01-03 23:00:00,0.0,86.0,0.0,5.5,6.7,6.9,6.5,4.2,-9999.0,2251.0,355.0,352.0,3.1,3.3,3.5,3.1
2022-01-03 23:10:00,0.0,86.0,0.0,4.8,6.3,6.6,6.1,3.9,-9999.0,2306.0,5.0,4.0,3.1,3.5,3.7,3.3
2022-01-03 23:20:00,0.0,87.0,0.0,4.3,6.0,6.1,6.0,3.9,-9999.0,2311.0,9.0,7.0,3.1,3.2,3.5,3.1
2022-01-03 23:30:00,0.0,87.0,0.0,5.2,6.1,6.2,6.0,4.0,-9999.0,2321.0,15.0,18.0,2.9,3.2,3.3,3.1
2022-01-03 23:40:00,0.0,86.0,0.0,5.0,6.2,6.2,6.1,3.8,-9999.0,2331.0,16.0,16.0,2.7,2.9,3.0,2.9
2022-01-03 23:50:00,0.0,86.0,0.0,5.6,6.3,6.4,6.2,3.8,-9999.0,2341.0,17.0,7.0,2.4,2.7,3.0,2.7
2022-01-04 00:00:00,0.0,85.0,0.0,5.5,6.5,6.6,6.4,3.7,-9999.0,2351.0,22.0,30.0,2.3,2.4,2.6,2.4
2022-01-04 00:10:00,0.0,84.0,0.0,6.5,6.4,6.6,6.1,3.2,-9999.0,1.0,26.0,24.0,2.0,2.2,2.5,2.3
2022-01-04 00:20:00,0.0,85.0,0.0,7.7,6.3,6.6,6.0,2.9,-9999.0,11.0,23.0,20.0,1.9,2.3,2.4,2.0
2022-01-04 00:30:00,0.0,83.0,0.0,3.8,6.9,7.4,6.5,3.5,-9999.0,30.0,11.0,6.0,2.3,2.5,2.6,2.3
2022-01-04 00:40:00,0.0,79.0,0.0,3.6,7.7,7.8,7.4,4.2,-9999.0,37.0,9.0,6.0,2.4,2.6,2.7,2.5
2022-01-04 00:50:00,0.0,79.0,0.0,3.7,7.4,7.5,7.3,3.6,-9999.0,41.0,10.0,7.0,2.4,2.5,2.6,2.4
2022-01-04 01:00:00,0.0,79.0,0.0,3.7,7.3,7.4,7.1,3.3,-9999.0,51.0,8.0,9.0,2.2,2.4,2.6,2.4
2022-01-04 01:10:00,0.0,80.0,0.0,4.5,6.4,7.2,5.7,2.8,-9999.0,101.0,10.0,2.0,1.8,2.1,2.2,2.1
2022-01-04 01:20:00,0.0,84.0,0.0,7.3,5.4,5.7,5.2,2.4,-9999.0,111.0,20.0,17.0,1.3,1.6,1.7,1.8
2022-01-04 01:30:00,0.0,86.0,0.0,6.4,5.5,5.6,5.2,2.6,-9999.0,121.0,20.0,26.0,0.9,1.0,1.1,1.2
2022-01-04 01:40:00,0.0,85.0,0.0,4.9,6.1,6.5,5.6,2.4,-9999.0,139.0,10.0,357.0,1.1,1.3,1.4,1.1
2022-01-04 01:50:00,0.0,85.0,0.0,4.2,5.6,6.0,5.4,2.6,-9999.0,150.0,8.0,6.0,1.2,1.4,1.6,1.2
2022-01-04 02:00:00,0.0,87.0,0.0,5.1,5.3,5.5,5.2,2.3,-9999.0,155.0,13.0,13.0,1.2,1.4,1.5,1.3
2022-01-04 02:10:00,0.0,87.0,0.0,9.2,5.6,5.9,5.5,2.4,-9999.0,201.0,11.0,357.0,0.9,1.1,1.2,1.2
2022-01-04 02:20:00,0.0,86.0,0.0,8.4,5.9,6.0,5.6,2.0,-9999.0,220.0,348.0,342.0,1.0,1.1,1.3,1.0
2022-01-04 02:30:00,0.0,84.0,0.0,9.2,6.7,7.0,5.8,2.1,-9999.0,230.0,339.0,343.0,1.4,1.6,1.8,1.4
2022-01-04 02:40:00,0.0,83.0,0.0,9.2,6.2,6.7,6.1,2.2,-9999.0,231.0,333.0,342.0,1.1,1.4,1.5,1.4
2022-01-04 02:50:00,0.0,85.0,0.0,5.7,5.8,6.3,5.6,2.1,-9999.0,241.0,330.0,318.0,0.9,1.1,1.3,1.1
2022-01-04 03:00:00,0.0,83.0,0.0,7.3,6.5,6.7,6.2,1.8,-9999.0,258.0,328.0,308.0,1.1,1.3,1.6,1.1
2022-01-04 03:10:00,0.0,84.0,0.0,6.3,6.0,6.2,5.9,1.9,-9999.0,310.0,319.0,312.0,1.2,1.4,1.6,1.2
2022-01-04 03:20:00,0.0,84.0,0.0,5.1,5.9,6.2,5.7,2.1,-9999.0,315.0,314.0,312.0,1.2,1.3,1.5,1.2
2022-01-04 03:30:00,0.0,86.0,0.0,2.6,6.0,6.4,5.7,2.6,-9999.0,329.0,303.0,302.0,1.3,1.4,1.6,1.3
2022-01-04 03:40:00,0.0,84.0,0.0,9.4,6.4,6.5,6.3,2.9,-9999.0,336.0,307.0,282.0,1.4,1.5,1.8,1.4
2022-01-04 03:50:00,0.0,84.0,0.0,10.2,6.4,6.5,6.2,2.7,-9999.0,341.0,302.0,263.0,1.3,1.6,2.4,1.3
2022-01-04 04:00:00,0.0,83.0,0.0,11.2,6.7,7.2,6.1,3.6,-9999.0,357.0,276.0,261.0,1.4,2.2,2.7,1.5
2022-01-04 04:10:00,0.0,83.0,0.0,16.9,6.6,6.9,6.3,2.3,-9999.0,401.0,286.0,250.0,0.8,0.9,1.1,1.3
2022-01-04 04:20:00,0.0,84.0,0.0,10.1,5.9,6.3,5.6,2.3,-9999.0,420.0,244.0,259.0,1.0,1.2,1.6,1.0
2022-01-04 04:30:00,0.0,86.0,0.0,16.0,5.9,6.0,5.7,2.2,-9999.0,421.0,228.0,202.0,0.6,0.9,1.0,1.0
2022-01-04 04:40:00,0.0,86.0,0.0,2.7,5.9,5.9,5.8,2.3,-9999.0,436.0,205.0,213.0,0.6,0.8,0.9,0.6
2022-01-04 04:50:00,0.0,86.0,0.0,2.0,5.9,6.1,5.6,2.3,-9999.0,441.0,207.0,210.0,0.5,0.8,1.0,0.6
2022-01-04 05:00:00,0.0,87.0,0.0,8.4,5.4,5.6,5.3,2.9,-9999.0,500.0,209.0,224.0,0.8,0.9,1.1,0.8
2022-01-04 05:10:00,0.0,87.0,0.0,8.4,5.7,5.9,5.4,3.5,-9999.0,510.0,213.0,216.0,0.9,1.2,1.5,0.9
2022-01-04 05:20:00,0.0,87.0,0.0,36.0,5.8,6.1,5.6,4.1,-9999.0,512.0,199.0,217.0,0.4,1.2,1.2,1.0
2022-01-04 05:30:00,0.0,86.0,0.0,43.0,6.3,6.5,6.0,4.5,-9999.0,529.0,277.0,350.0,0.5,0.9,1.1,0.5
2022-01-04 05:40:00,0.0,86.0,0.0,14.2,5.9,6.3,5.7,3.5,-9999.0,536.0,202.0,187.0,0.5,0.8,1.0,0.5
2022-01-04 05:50:00,0.0,87.0,0.0,15.3,5.6,5.8,5.3,2.9,-9999.0,550.0,167.0,172.0,1.3,1.7,2.3,1.3
2022-01-04 06:00:00,0.0,88.0,0.0,8.0,5.8,6.0,5.5,3.2,-9999.0,600.0,168.0,178.0,1.6,1.7,1.9,1.6
2022-01-04 06:10:00,0.0,86.0,0.0,6.2,6.2,6.2,6.0,3.5,-9999.0,607.0,163.0,169.0,1.7,1.8,2.1,1.7
2022-01-04 06:20:00,0.0,86.0,0.0,5.4,6.4,6.5,6.2,4.1,-9999.0,611.0,158.0,159.0,1.0,1.7,1.9,1.7
2022-01-04 06:30:00,0.0,85.0,0.0,15.5,6.4,6.4,6.2,4.4,-9999.0,628.0,165.0,184.0,1.2,1.8,2.2,1.3
2022-01-04 06:40:00,1.0,85.0,0.0,10.5,6.4,6.6,6.2,4.4,-9999.0,640.0,173.0,185.0,1.2,1.8,2.5,1.2
2022-01-04 06:50:00,5.0,85.0,0.0,14.9,6.8,7.0,6.4,4.6,-9999.0,650.0,179.0,187.0,1.9,2.4,3.1,1.9
2022-01-04 07:00:00,14.0,84.0,0.0,16.3,6.8,6.9,6.7,3.9,-9999.0,657.0,178.0,172.0,1.7,2.0,2.3,1.9
2022-01-04 07:10:00,33.0,85.0,0.0,6.3,6.7,7.0,6.5,3.8,-9999.0,710.0,199.0,199.0,1.7,2.1,2.2,1.7
2022-01-04 07:20:00,78.0,85.0,0.1,12.3,7.0,7.1,7.0,6.0,-9999.0,717.0,230.0,247.0,1.6,2.2,2.7,1.8
2022-01-04 07:30:00,118.0,84.0,0.0,7.4,7.7,8.1,7.1,8.3,-9999.0,723.0,239.0,242.0,1.1,1.9,2.3,1.7
2022-01-04 07:40:00,69.0,82.0,0.0,18.4,8.3,8.3,8.1,7.8,-9999.0,731.0,226.0,245.0,0.8,1.3,2.2,0.9
2022-01-04 07:50:00,115.0,82.0,0.0,12.6,8.4,8.6,8.3,7.9,-9999.0,750.0,225.0,248.0,1.6,2.1,2.9,1.6
2022-01-04 08:00:00,164.0,82.0,0.0,13.6,8.8,9.0,8.6,9.4,-9999.0,756.0,235.0,226.0,1.5,2.4,3.2,1.8
2022-01-04 08:10:00,115.0,82.0,0.0,20.2,9.1,9.1,9.0,9.5,-9999.0,802.0,223.0,208.0,1.4,2.3,2.8,1.5
2022-01-04 08:20:00,277.0,82.0,0.0,23.0,9.2,9.5,9.0,10.3,-9999.0,814.0,231.0,201.0,1.4,2.3,3.2,1.6
2022-01-04 08:30:00,161.0,81.0,0.0,22.7,9.6,9.7,9.4,10.8,-9999.0,830.0,236.0,230.0,2.0,3.0,4.0,2.0
2022-01-04 08:40:00,259.0,81.0,0.0,20.2,9.6,9.9,9.4,10.9,-9999.0,840.0,236.0,231.0,2.2,2.8,4.2,2.2
2022-01-04 08:50:00,193.0,81.0,0.0,22.3,9.8,9.9,9.7,10.7,-9999.0,842.0,248.0,266.0,2.1,3.0,4.1,2.3
2022-01-04 09:00:00,270.0,80.0,0.0,15.1,9.9,9.9,9.7,11.1,-9999.0,900.0,257.0,246.0,2.7,3.5,5.7,2.7
2022-01-04 09:10:00,224.0,81.0,0.0,16.4,9.8,9.9,9.7,10.9,-9999.0,910.0,255.0,249.0,3.6,4.6,6.0,3.6
2022-01-04 09:20:00,254.0,81.0,0.0,15.4,9.8,10.1,9.6,11.5,-9999.0,911.0,262.0,230.0,3.3,4.2,4.8,3.5
2022-01-04 09:30:00,285.0,80.0,0.0,17.5,10.1,10.3,9.9,12.3,-9999.0,927.0,260.0,261.0,3.0,4.6,5.5,3.4
2022-01-04 09:40:00,266.0,80.0,0.0,23.6,10.1,10.3,10.0,12.4,-9999.0,935.0,236.0,214.0,2.9,4.1,5.3,3.0
2022-01-04 09:50:00,342.0,79.0,0.0,17.3,10.5,10.6,10.2,13.1,-9999.0,941.0,261.0,258.0,2.5,3.4,4.0,3.0
2022-01-04 10:00:00,319.0,78.0,0.0,12.8,10.6,10.7,10.4,12.9,-9999.0,1000.0,263.0,265.0,4.0,4.9,6.8,4.0
2022-01-04 10:10:00,279.0,78.0,0.0,16.3,10.6,10.7,10.5,12.8,-9999.0,1003.0,260.0,267.0,3.7,4.5,6.4,4.1
2022-01-04 10:20:00,272.0,78.0,0.0,19.0,10.8,11.0,10.7,13.1,-9999.0,1011.0,259.0,256.0,3.5,4.9,6.0,3.6
2022-01-04 10:30:00,206.0,78.0,0.0,13.6,10.8,11.1,10.7,12.4,-9999.0,1029.0,276.0,259.0,4.3,5.3,6.1,4.4
2022-01-04 10:40:00,270.0,79.0,0.0,13.0,10.8,11.0,10.7,12.6,-9999.0,1031.0,266.0,252.0,3.4,4.4,6.2,4.2
2022-01-04 10:50:00,398.0,78.0,0.0,16.7,10.9,11.1,10.8,13.4,-9999.0,1049.0,254.0,271.0,3.9,4.9,6.1,3.9
2022-01-04 11:00:00,407.0,75.0,0.0,12.9,11.4,11.6,11.1,14.4,-9999.0,1100.0,273.0,265.0,5.1,5.8,8.0,5.1
2022-01-04 11:10:00,303.0,76.0,0.0,12.2,11.4,11.6,11.2,13.3,-9999.0,1104.0,276.0,276.0,4.6,5.8,6.6,5.2
2022-01-04 11:20:00,298.0,76.0,0.0,15.6,11.5,11.7,11.3,13.6,-9999.0,1111.0,268.0,274.0,3.9,5.2,6.5,4.5
2022-01-04 11:30:00,223.0,77.0,0.0,11.1,11.4,11.7,11.2,12.9,-9999.0,1130.0,286.0,294.0,5.3,6.5,7.4,5.3
2022-01-04 11:40:00,428.0,78.0,0.0,17.1,11.5,11.9,11.2,14.1,-9999.0,1131.0,274.0,294.0,4.0,5.9,6.5,5.5
2022-01-04 11:50:00,378.0,76.0,0.0,14.8,11.7,11.9,11.5,14.6,-9999.0,1149.0,261.0,253.0,4.4,5.8,7.5,4.5
2022-01-04 12:00:00,267.0,77.0,0.0,15.4,11.6,11.7,11.5,13.8,-9999.0,1152.0,258.0,249.0,4.5,5.6,7.3,4.7
2022-01-04 12:10:00,245.0,78.0,0.0,13.2,11.4,11.6,11.3,13.1,-9999.0,1207.0,267.0,269.0,4.7,5.8,6.8,5.0
2022-01-04 12:20:00,313.0,78.0,0.0,16.2,11.6,11.7,11.6,13.9,-9999.0,1220.0,255.0,244.0,4.5,5.5,6.6,4.5
2022-01-04 12:30:00,351.0,77.0,0.0,14.6,11.7,11.8,11.5,14.2,-9999.0,1221.0,255.0,265.0,4.2,5.4,6.1,4.6
2022-01-04 12:40:00,293.0,75.0,0.0,14.3,11.9,12.1,11.8,14.4,-9999.0,1238.0,269.0,261.0,4.1,5.3,6.7,4.2
2022-01-04 12:50:00,197.0,74.0,0.0,22.4,11.9,12.2,11.6,13.2,-9999.0,1244.0,260.0,281.0,4.6,6.6,7.3,4.7
2022-01-04 13:00:00,461.0,74.0,0.0,17.0,12.1,12.4,11.6,15.0,-9999.0,1257.0,261.0,252.0,4.7,6.1,7.2,5.0
2022-01-04 13:10:00,335.0,73.0,0.0,16.6,12.3,12.6,12.1,14.9,-9999.0,1308.0,261.0,265.0,4.7,5.7,7.0,4.7
2022-01-04 13:20:00,164.0,74.0,0.0,15.3,12.1,12.3,11.9,13.7,-9999.0,1311.0,266.0,260.0,4.3,5.4,6.1,4.7
2022-01-04 13:30:00,200.0,75.0,0.0,13.9,11.9,12.0,11.8,13.1,-9999.0,1323.0,269.0,265.0,4.4,5.4,6.9,4.5
2022-01-04 13:40:00,151.0,75.0,0.0,12.6,11.9,12.0,11.7,13.2,-9999.0,1340.0,271.0,262.0,5.0,6.1,7.8,5.0
2022-01-04 13:50:00,114.0,78.0,0.0,12.7,11.6,11.7,11.5,12.4,-9999.0,1345.0,272.0,273.0,5.1,6.5,7.7,5.5
2022-01-04 14:00:00,175.0,78.0,0.0,14.7,11.6,11.7,11.6,13.0,-9999.0,1351.0,266.0,274.0,4.9,6.4,7.5,5.0
2022-01-04 14:10:00,161.0,78.0,0.0,13.0,11.7,11.7,11.6,12.8,-9999.0,1401.0,273.0,281.0,4.1,5.9,7.1,4.8
2022-01-04 14:20:00,144.0,77.0,0.0,15.4,11.7,11.8,11.6,12.8,-9999.0,1420.0,283.0,291.0,4.9,6.4,7.4,4.9
2022-01-04 14:30:00,147.0,78.0,0.0,10.9,11.6,11.7,11.5,12.5,-9999.0,1423.0,274.0,264.0,4.6,5.7,7.3,5.0
2022-01-04 14:40:00,93.0,79.0,0.0,9.3,11.5,11.6,11.4,12.2,-9999.0,1440.0,282.0,285.0,5.8,6.9,7.8,5.8
2022-01-04 14:50:00,133.0,80.0,0.0,12.8,11.4,11.5,11.3,12.2,-9999.0,1441.0,274.0,292.0,4.4,6.5,6.2,5.8
2022-01-04 15:00:00,81.0,81.0,0.0,11.3,11.5,11.6,11.4,12.1,-9999.0,1500.0,280.0,277.0,4.5,5.3,7.3,4.5
2022-01-04 15:10:00,206.0,81.0,0.0,12.4,11.5,11.7,11.4,12.8,-9999.0,1501.0,263.0,260.0,4.4,6.3,7.4,4.6
2022-01-04 15:20:00,130.0,79.0,0.0,14.2,11.8,11.9,11.5,13.0,-9999.0,1520.0,281.0,295.0,5.1,7.1,8.1,5.1
2022-01-04 15:30:00,81.0,79.0,0.0,13.0,11.5,11.6,11.4,12.1,-9999.0,1524.0,271.0,287.0,4.2,5.8,6.7,5.3
2022-01-04 15:40:00,90.0,81.0,0.0,15.4,11.4,11.5,11.4,12.1,-9999.0,1540.0,252.0,243.0,3.9,5.0,6.3,3.9
2022-01-04 15:50:00,69.0,82.0,0.0,13.4,11.3,11.4,11.2,11.8,-9999.0,1543.0,254.0,256.0,3.8,4.7,6.3,4.1
2022-01-04 16:00:00,33.0,83.0,0.0,11.1,11.1,11.2,11.1,11.3,-9999.0,1551.0,267.0,267.0,3.7,4.9,5.9,4.0
2022-01-04 16:10:00,28.0,84.0,0.0,10.4,11.1,11.1,11.0,11.2,-9999.0,1610.0,274.0,278.0,3.9,6.0,7.3,3.9
2022-01-04 16:20:00,22.0,85.0,0.0,13.0,11.0,11.0,11.0,11.2,-9999.0,1616.0,283.0,296.0,4.3,5.2,6.3,4.7
2022-01-04 16:30:00,17.0,86.0,0.0,8.2,10.9,11.0,10.9,10.9,-9999.0,1630.0,287.0,281.0,5.0,6.6,7.6,5.0
2022-01-04 16:40:00,3.0,86.0,0.0,6.4,10.8,10.9,10.7,10.9,-9999.0,1640.0,296.0,307.0,5.3,6.8,7.6,5.3
2022-01-04 16:50:00,2.0,85.0,0.0,5.7,10.7,10.7,10.6,10.8,-9999.0,1647.0,299.0,302.0,5.8,6.6,7.3,6.1
2022-01-04 17:00:00,0.0,84.0,0.0,5.4,10.5,10.7,10.4,10.4,-9999.0,1700.0,296.0,296.0,6.3,7.4,8.5,6.3
2022-01-04 17:10:00,0.0,85.0,0.0,5.6,10.3,10.4,10.2,9.6,-9999.0,1701.0,293.0,305.0,4.2,5.7,5.4,6.2
2022-01-04 17:20:00,0.0,85.0,0.0,6.1,10.1,10.2,10.1,9.7,-9999.0,1711.0,290.0,287.0,4.1,4.4,5.3,4.2
2022-01-04 17:30:00,0.0,85.0,0.0,6.7,10.1,10.1,10.0,9.6,-9999.0,1721.0,290.0,293.0,3.7,4.2,4.7,4.0
2022-01-04 17:40:00,0.0,85.0,0.0,6.9,10.0,10.1,10.0,9.6,-9999.0,1731.0,286.0,284.0,3.3,3.8,4.3,3.7
2022-01-04 17:50:00,0.0,86.0,0.0,5.8,9.9,10.0,9.9,9.5,-9999.0,1745.0,289.0,290.0,3.3,3.7,4.3,3.3
2022-01-04 18:00:00,0.0,86.0,0.0,5.0,9.8,9.9,9.8,9.4,-9999.0,1751.0,289.0,284.0,3.3,3.8,4.2,3.3
2022-01-04 18:10:00,0.0,86.0,0.0,5.9,9.7,9.8,9.7,9.3,-9999.0,1803.0,291.0,288.0,2.9,3.4,3.7,3.3
2022-01-04 18:20:00,0.0,86.0,0.0,7.2,9.7,9.7,9.6,9.3,-9999.0,1811.0,288.0,286.0,2.5,2.9,3.4,2.9
2022-01-04 18:30:00,0.0,86.0,0.0,5.8,9.6,9.7,9.6,8.9,-9999.0,1822.0,289.0,281.0,2.4,2.7,3.2,2.5
2022-01-04 18:40:00,0.0,86.0,0.0,6.9,9.5,9.6,9.4,8.4,-9999.0,1840.0,296.0,306.0,2.4,2.7,3.0,2.4
2022-01-04 18:50:00,0.0,87.0,0.0,3.3,9.4,9.5,9.3,8.8,-9999.0,1848.0,306.0,301.0,2.6,2.8,3.0,2.6
2022-01-04 19:00:00,0.0,87.0,0.0,3.5,9.5,9.5,9.4,9.1,-9999.0,1851.0,306.0,312.0,2.6,2.8,3.1,2.6
2022-01-04 19:10:00,0.0,87.0,0.0,4.3,9.4,9.5,9.4,8.8,-9999.0,1904.0,300.0,304.0,2.4,2.7,2.8,2.6
2022-01-04 19:20:00,0.0,86.0,0.0,5.6,9.4,9.5,9.4,8.5,-9999.0,1911.0,293.0,294.0,1.9,2.2,2.4,2.4
2022-01-04 19:30:00,0.0,87.0,0.0,5.7,9.3,9.4,9.2,8.3,-9999.0,1930.0,295.0,296.0,2.1,2.3,2.8,2.1
2022-01-04 19:40:00,0.0,87.0,0.0,8.3,9.1,9.2,9.0,7.8,-9999.0,1932.0,293.0,303.0,1.8,2.2,2.4,2.1
2022-01-04 19:50:00,0.0,87.0,0.0,10.1,9.0,9.1,9.0,7.6,-9999.0,1941.0,282.0,280.0,1.5,1.8,2.4,1.7
2022-01-04 20:00:00,0.0,87.0,0.0,7.1,8.9,9.0,8.8,7.4,-9999.0,2000.0,304.0,306.0,1.8,2.4,2.8,1.8
2022-01-04 20:10:00,0.0,87.0,0.0,7.4,8.8,8.9,8.8,7.3,-9999.0,2006.0,296.0,295.0,2.4,2.9,3.2,2.4
2022-01-04 20:20:00,0.0,87.0,0.0,6.5,8.7,8.8,8.6,6.9,-9999.0,2011.0,293.0,302.0,1.6,2.0,2.4,2.3
2022-01-04 20:30:00,0.0,88.0,0.0,6.2,8.5,8.6,8.4,6.2,-9999.0,2021.0,293.0,304.0,1.2,1.6,1.7,1.6
2022-01-04 20:40:00,0.0,88.0,0.0,8.3,8.4,8.4,8.3,5.4,-9999.0,2031.0,288.0,284.0,1.1,1.3,1.8,1.2
2022-01-04 20:50:00,0.0,88.0,0.0,9.6,8.0,8.3,7.9,5.1,-9999.0,2041.0,272.0,264.0,0.8,1.3,2.0,1.1
2022-01-04 21:00:00,0.0,89.0,0.0,21.0,8.0,8.1,7.9,5.2,-9999.0,2051.0,273.0,255.0,0.6,1.4,1.8,0.8
2022-01-04 21:10:00,0.0,89.0,0.0,12.2,7.9,8.1,7.8,4.9,-9999.0,2110.0,274.0,287.0,0.8,1.2,1.5,0.8
2022-01-04 21:20:00,0.0,89.0,0.0,16.7,7.6,7.9,7.4,5.0,-9999.0,2120.0,241.0,229.0,1.0,1.6,2.0,1.0
2022-01-04 21:30:00,0.0,90.0,0.0,12.6,7.3,7.5,7.2,4.5,-9999.0,2126.0,234.0,244.0,1.0,1.4,1.8,1.1
2022-01-04 21:40:00,0.0,90.0,0.0,22.3,7.3,7.5,7.1,4.5,-9999.0,2139.0,196.0,175.0,1.0,1.3,2.0,1.0
2022-01-04 21:50:00,0.0,90.0,0.0,12.8,7.6,7.9,7.1,4.6,-9999.0,2141.0,163.0,167.0,0.2,0.7,0.9,0.9
2022-01-04 22:00:00,0.0,89.0,0.0,11.3,7.0,7.8,6.5,4.3,-9999.0,2200.0,128.0,126.0,0.6,1.0,1.1,0.6
2022-01-04 22:10:00,0.0,91.0,0.0,17.2,6.5,6.6,6.4,3.9,-9999.0,2210.0,161.0,158.0,0.9,1.1,1.4,0.9
2022-01-04 22:20:00,0.0,91.0,0.0,6.8,6.4,6.5,6.3,3.8,-9999.0,2220.0,140.0,136.0,1.1,1.2,1.4,1.1
2022-01-04 22:30:00,0.0,91.0,0.0,15.3,6.5,6.6,6.3,3.7,-9999.0,2224.0,147.0,139.0,1.0,1.3,1.5,1.1
2022-01-04 22:40:00,0.0,91.0,0.0,16.6,6.5,6.6,6.4,3.6,-9999.0,2231.0,169.0,138.0,0.6,0.9,1.0,0.9
2022-01-04 22:50:00,0.0,91.0,0.0,15.3,6.7,6.9,6.5,3.8,-9999.0,2250.0,172.0,189.0,0.8,0.9,1.1,0.8
2022-01-04 23:00:00,0.0,91.0,0.0,13.3,6.3,6.6,5.8,3.7,-9999.0,2300.0,141.0,134.0,1.3,1.7,2.0,1.3
2022-01-04 23:10:00,0.0,92.0,0.0,6.2,6.0,6.3,5.8,3.3,-9999.0,2307.0,132.0,131.0,1.6,1.7,1.9,1.6
2022-01-04 23:20:00,0.0,91.0,0.0,6.9,6.5,6.6,6.3,3.6,-9999.0,2320.0,128.0,126.0,1.8,2.4,2.7,1.8
2022-01-04 23:30:00,0.0,91.0,0.0,10.3,6.2,6.3,6.1,3.6,-9999.0,2325.0,133.0,132.0,1.5,2.3,2.4,2.0
2022-01-04 23:40:00,0.0,91.0,0.0,5.2,6.5,6.8,6.1,3.2,-9999.0,2331.0,151.0,162.0,1.4,1.5,1.8,1.5
2022-01-04 23:50:00,0.0,90.0,0.0,5.6,6.6,6.7,6.5,3.2,-9999.0,2342.0,154.0,146.0,1.1,1.5,1.6,1.4
2022-01-05 00:00:00,0.0,90.0,0.0,4.3,6.6,6.7,6.5,2.9,-9999.0,2351.0,160.0,166.0,0.9,1.3,1.4,1.1
2022-01-05 00:10:00,0.0,90.0,0.0,7.6,6.5,6.6,6.3,3.4,-9999.0,8.0,157.0,155.0,1.0,1.2,1.3,1.1
2022-01-05 00:20:00,0.0,90.0,0.0,7.8,6.3,6.6,6.1,3.1,-9999.0,11.0,162.0,179.0,0.8,1.0,1.1,1.0
2022-01-05 00:30:00,0.0,90.0,0.0,13.6,6.4,6.6,6.1,3.1,-9999.0,21.0,169.0,191.0,0.4,0.7,0.9,0.8
2022-01-05 00:40:00,0.0,89.0,0.0,17.2,6.3,6.6,5.9,3.3,-9999.0,40.0,151.0,147.0,0.6,1.1,1.3,0.6
2022-01-05 00:50:00,0.0,90.0,0.0,11.3,5.8,5.9,5.7,3.0,-9999.0,50.0,138.0,130.0,1.0,1.4,1.7,1.0
2022-01-05 01:00:00,0.0,90.0,0.0,9.3,5.5,5.7,5.4,3.0,-9999.0,59.0,137.0,117.0,1.5,1.7,1.9,1.5
2022-01-05 01:10:00,0.0,91.0,0.0,6.3,5.8,6.0,5.6,3.0,-9999.0,109.0,140.0,144.0,1.5,1.7,2.0,1.5
2022-01-05 01:20:00,0.0,90.0,0.0,5.8,6.0,6.1,5.9,3.0,-9999.0,120.0,142.0,138.0,1.6,1.7,1.8,1.6
2022-01-05 01:30:00,0.0,90.0,0.0,6.6,6.1,6.2,6.0,3.2,-9999.0,128.0,152.0,147.0,1.7,1.9,2.1,1.7
2022-01-05 01:40:00,0.0,90.0,0.0,5.9,6.5,6.7,6.2,2.8,-9999.0,131.0,153.0,155.0,1.2,1.6,1.7,1.7
2022-01-05 01:50:00,0.0,89.0,0.0,7.7,6.6,6.7,6.4,2.9,-9999.0,141.0,159.0,154.0,1.1,1.3,1.5,1.2
2022-01-05 02:00:00,0.0,89.0,0.0,6.2,6.3,6.4,6.1,2.9,-9999.0,154.0,149.0,144.0,1.1,1.3,1.3,1.2
2022-01-05 02:10:00,0.0,90.0,0.0,14.3,6.3,6.4,6.2,3.1,-9999.0,206.0,154.0,148.0,1.0,1.2,1.4,1.1
2022-01-05 02:20:00,0.0,90.0,0.0,5.4,6.3,6.6,6.0,3.1,-9999.0,211.0,171.0,172.0,0.3,0.6,0.8,0.9
2022-01-05 02:30:00,0.0,90.0,0.0,9.2,6.0,6.2,6.0,3.0,-9999.0,226.0,193.0,200.0,0.4,0.7,0.8,0.5
2022-01-05 02:40:00,0.0,90.0,0.0,15.2,5.8,6.1,5.4,2.9,-9999.0,239.0,178.0,189.0,0.5,0.8,0.9,0.5
2022-01-05 02:50:00,0.0,91.0,0.0,0.7,6.5,6.7,5.6,2.8,-9999.0,241.0,163.0,166.0,0.0,0.5,0.6,0.5
2022-01-05 03:00:00,0.0,89.0,0.0,17.9,6.8,6.9,6.5,3.0,-9999.0,300.0,315.0,341.0,0.8,0.9,1.0,0.8
2022-01-05 03:10:00,0.0,89.0,0.0,6.7,6.8,7.1,6.7,3.2,-9999.0,310.0,308.0,315.0,1.1,1.2,1.3,1.1
2022-01-05 03:20:00,0.0,88.0,0.0,7.0,7.0,7.2,6.9,4.3,-9999.0,320.0,293.0,286.0,1.4,1.6,1.7,1.4
2022-01-05 03:30:00,0.0,88.0,0.0,16.2,6.8,7.0,6.5,3.8,-9999.0,324.0,282.0,272.0,1.4,1.8,2.1,1.5
2022-01-05 03:40:00,0.0,89.0,0.0,11.7,6.6,6.9,6.2,3.5,-9999.0,340.0,273.0,271.0,1.6,2.3,2.5,1.6
2022-01-05 03:50:00,0.0,88.0,0.0,8.5,7.0,7.1,6.9,4.6,-9999.0,350.0,278.0,288.0,2.3,2.6,3.0,2.3
2022-01-05 04:00:00,0.0,87.0,0.0,3.7,6.6,7.1,6.3,4.8,-9999.0,400.0,301.0,300.0,3.8,4.7,5.0,3.8
2022-01-05 04:10:00,0.0,88.0,0.0,5.4,7.1,7.4,6.7,5.6,-9999.0,406.0,300.0,286.0,4.1,4.7,5.1,4.3
2022-01-05 04:20:00,0.0,86.0,0.0,4.8,7.4,7.5,7.3,5.7,-9999.0,411.0,299.0,289.0,2.8,3.4,3.6,4.0
2022-01-05 04:30:00,0.0,86.0,0.0,7.3,7.3,7.4,7.3,5.4,-9999.0,421.0,294.0,288.0,1.9,2.3,2.5,2.7
2022-01-05 04:40:00,0.0,86.0,0.0,6.5,7.4,7.7,7.3,5.6,-9999.0,431.0,310.0,305.0,1.2,1.9,2.0,1.8
2022-01-05 04:50:00,0.0,85.0,0.0,8.3,7.9,8.0,7.7,6.0,-9999.0,450.0,320.0,318.0,1.5,1.7,2.1,1.5
2022-01-05 05:00:00,0.0,84.0,0.0,12.8,7.9,8.1,7.6,6.0,-9999.0,452.0,316.0,324.0,1.1,1.7,2.1,1.5
2022-01-05 05:10:00,0.0,86.0,0.0,8.3,7.2,7.6,7.0,5.8,-9999.0,501.0,277.0,285.0,0.4,0.7,0.9,1.0
2022-01-05 05:20:00,0.0,87.0,0.0,0.2,7.1,7.3,7.0,6.0,-9999.0,511.0,269.0,269.0,0.1,0.3,0.3,0.4
2022-01-05 05:30:00,0.0,87.0,0.0,13.2,7.4,7.4,7.3,6.1,-9999.0,529.0,254.0,252.0,0.1,0.3,0.5,0.1
2022-01-05 05:40:00,0.0,88.0,0.0,81.2,7.2,7.4,7.1,6.1,-9999.0,540.0,167.0,107.0,0.4,0.8,1.0,0.4
2022-01-05 05:50:00,0.0,88.0,0.0,10.8,7.4,7.5,7.2,6.1,-9999.0,549.0,275.0,266.0,0.6,1.0,1.3,0.6
2022-01-05 06:00:00,0.0,87.0,0.0,14.3,7.8,7.9,7.5,6.0,-9999.0,551.0,308.0,330.0,0.3,0.7,0.9,0.6
2022-01-05 06:10:00,0.0,85.0,0.0,6.9,7.8,8.0,7.7,5.8,-9999.0,608.0,322.0,336.0,0.5,0.8,1.0,0.6
2022-01-05 06:20:00,0.0,86.0,0.0,4.2,7.5,7.7,7.4,5.8,-9999.0,611.0,321.0,327.0,0.3,0.4,0.5,0.5
2022-01-05 06:30:00,0.0,87.0,0.0,15.6,7.4,7.6,7.3,5.1,-9999.0,630.0,335.0,5.0,0.8,1.3,1.4,0.8
2022-01-05 06:40:00,0.0,86.0,0.0,6.8,7.5,7.5,7.3,4.7,-9999.0,636.0,0.0,3.0,1.1,1.5,1.7,1.3
2022-01-05 06:50:00,4.0,86.0,0.0,2.8,7.2,7.4,7.0,4.6,-9999.0,641.0,3.0,3.0,0.5,0.7,0.8,1.1
2022-01-05 07:00:00,16.0,86.0,0.0,6.5,7.6,7.8,7.0,5.1,-9999.0,700.0,2.0,4.0,1.1,1.2,1.4,1.1
2022-01-05 07:10:00,29.0,85.0,0.0,10.8,7.4,7.8,7.0,5.8,-9999.0,702.0,20.0,357.0,0.5,1.3,1.5,1.1
2022-01-05 07:20:00,38.0,87.0,0.0,16.9,6.8,7.1,6.6,5.7,-9999.0,720.0,51.0,28.0,0.6,0.9,1.1,0.6
2022-01-05 07:30:00,39.0,88.0,0.0,4.4,7.2,7.3,7.1,5.8,-9999.0,721.0,53.0,68.0,0.1,0.7,0.6,0.7
2022-01-05 07:40:00,40.0,88.0,0.0,19.9,7.2,7.5,7.1,5.3,-9999.0,740.0,315.0,302.0,1.1,1.5,1.8,1.1
2022-01-05 07:50:00,123.0,86.0,0.0,10.0,7.9,8.3,7.5,7.3,-9999.0,747.0,317.0,303.0,1.5,1.9,2.2,1.6
2022-01-05 08:00:00,142.0,85.0,0.0,4.2,8.6,9.0,8.3,9.1,-9999.0,751.0,309.0,307.0,1.2,1.6,2.0,1.5
2022-01-05 08:10:00,163.0,84.0,0.0,57.8,9.4,9.7,9.0,10.4,-9999.0,801.0,250.0,220.0,0.3,0.7,0.9,1.1
2022-01-05 08:20:00,151.0,84.0,0.0,46.6,9.4,9.6,9.2,10.2,-9999.0,820.0,276.0,199.0,0.4,0.9,1.2,0.4
2022-01-05 08:30:00,174.0,82.0,0.0,38.5,9.8,10.1,9.6,11.0,-9999.0,829.0,267.0,250.0,0.7,1.5,1.9,0.7
2022-01-05 08:40:00,192.0,79.0,0.0,16.5,10.3,10.5,10.1,11.6,-9999.0,834.0,253.0,269.0,0.5,1.3,1.6,1.0
2022-01-05 08:50:00,180.0,77.0,0.0,18.5,10.6,10.7,10.5,11.6,-9999.0,850.0,238.0,230.0,1.2,1.7,2.1,1.2
2022-01-05 09:00:00,194.0,76.0,0.0,21.8,10.7,10.9,10.6,11.8,-9999.0,854.0,251.0,279.0,1.2,2.1,2.6,1.4
2022-01-05 09:10:00,231.0,75.0,0.0,26.9,10.9,11.1,10.7,12.1,-9999.0,910.0,242.0,266.0,1.7,2.5,3.0,1.7
2022-01-05 09:20:00,255.0,74.0,0.0,32.8,11.1,11.2,11.0,12.9,-9999.0,911.0,237.0,204.0,1.0,2.3,2.4,1.7
2022-01-05 09:30:00,317.0,73.0,0.0,36.0,11.5,11.6,11.1,14.6,-9999.0,930.0,204.0,183.0,1.2,2.0,2.5,1.2
2022-01-05 09:40:00,301.0,73.0,0.0,27.6,11.6,11.8,11.4,15.1,-9999.0,940.0,213.0,212.0,1.6,2.4,3.0,1.6
2022-01-05 09:50:00,277.0,72.0,0.0,14.3,11.6,11.7,11.5,14.1,-9999.0,947.0,221.0,212.0,2.0,2.7,3.4,2.1
2022-01-05 10:00:00,352.0,72.0,0.0,31.4,11.8,12.1,11.5,14.9,-9999.0,951.0,244.0,276.0,1.5,2.6,3.7,2.0
2022-01-05 10:10:00,506.0,71.0,0.0,20.5,12.3,12.5,12.1,16.0,-9999.0,1010.0,260.0,259.0,2.3,3.4,3.9,2.3
2022-01-05 10:20:00,527.0,70.0,0.0,19.2,12.4,12.5,12.3,16.6,-9999.0,1012.0,262.0,263.0,1.9,3.3,3.2,2.4
2022-01-05 10:30:00,590.0,70.0,0.0,33.2,12.6,13.0,12.2,18.0,-9999.0,1030.0,254.0,268.0,2.1,3.1,4.0,2.1
2022-01-05 10:40:00,535.0,66.0,0.0,42.4,13.4,13.8,13.0,19.2,-9999.0,1031.0,252.0,225.0,1.8,3.0,3.8,2.2
2022-01-05 10:50:00,284.0,67.0,0.0,20.0,12.8,13.4,12.5,16.0,-9999.0,1048.0,254.0,243.0,2.2,2.8,3.6,2.4
2022-01-05 11:00:00,370.0,69.0,0.0,24.7,12.7,13.2,12.5,16.0,-9999.0,1051.0,222.0,214.0,1.4,2.0,2.8,2.1
2022-01-05 11:10:00,555.0,66.0,0.0,29.4,13.5,13.8,13.2,18.7,-9999.0,1110.0,203.0,178.0,1.6,2.7,3.5,1.6
2022-01-05 11:20:00,583.0,65.0,0.0,34.3,13.7,13.9,13.5,19.0,-9999.0,1111.0,244.0,237.0,1.2,2.2,2.8,1.7
2022-01-05 11:30:00,586.0,64.0,0.0,83.6,13.8,13.9,13.5,19.6,-9999.0,1122.0,256.0,225.0,0.9,1.9,2.2,1.2
2022-01-05 11:40:00,590.0,62.0,0.0,40.1,14.2,14.6,13.9,20.1,-9999.0,1136.0,228.0,234.0,0.8,1.5,2.1,0.9
2022-01-05 11:50:00,595.0,62.0,0.0,19.7,14.3,14.6,14.1,21.3,-9999.0,1150.0,340.0,309.0,1.5,1.9,2.7,1.5
2022-01-05 12:00:00,601.0,63.0,0.0,22.4,14.3,14.7,14.1,21.7,-9999.0,1200.0,326.0,340.0,1.7,2.6,3.1,1.7
2022-01-05 12:10:00,611.0,62.0,0.0,18.2,14.6,14.9,14.3,21.2,-9999.0,1205.0,304.0,298.0,2.1,2.8,3.3,2.2
2022-01-05 12:20:00,597.0,62.0,0.0,32.2,14.7,14.9,14.3,22.0,-9999.0,1220.0,320.0,317.0,1.9,3.0,3.3,1.9
2022-01-05 12:30:00,589.0,61.0,0.0,18.5,14.8,14.9,14.7,22.3,-9999.0,1226.0,331.0,324.0,2.3,3.2,3.8,2.4
2022-01-05 12:40:00,589.0,60.0,0.0,37.8,14.9,15.1,14.7,22.7,-9999.0,1232.0,354.0,327.0,1.4,2.5,2.7,2.3
2022-01-05 12:50:00,571.0,59.0,0.0,35.5,15.3,15.8,15.1,22.4,-9999.0,1241.0,10.0,21.0,0.8,1.7,2.2,1.3
2022-01-05 13:00:00,548.0,57.0,0.0,46.3,15.9,16.4,15.6,23.2,-9999.0,1300.0,9.0,9.0,1.3,2.9,3.6,1.3
2022-01-05 13:10:00,535.0,57.0,0.0,37.6,15.9,16.2,15.6,23.0,-9999.0,1306.0,357.0,343.0,1.3,2.6,3.4,1.7
2022-01-05 13:20:00,541.0,55.0,0.0,29.6,16.3,16.6,16.0,22.9,-9999.0,1318.0,286.0,328.0,1.4,2.2,2.6,1.5
2022-01-05 13:30:00,560.0,55.0,0.0,16.9,16.7,16.9,16.4,23.3,-9999.0,1330.0,254.0,224.0,1.9,3.3,4.2,1.9
2022-01-05 13:40:00,330.0,57.0,0.0,40.1,16.0,16.8,15.7,20.1,-9999.0,1334.0,196.0,193.0,2.0,3.4,4.0,2.5
2022-01-05 13:50:00,270.0,59.0,0.0,65.8,15.4,15.9,15.2,19.5,-9999.0,1341.0,200.0,123.0,1.5,2.6,2.9,2.0
2022-01-05 14:00:00,216.0,59.0,0.0,31.9,15.5,15.8,15.4,18.2,-9999.0,1400.0,254.0,236.0,2.4,3.5,4.4,2.4
2022-01-05 14:10:00,205.0,60.0,0.0,27.8,15.1,15.4,15.0,17.7,-9999.0,1406.0,243.0,260.0,2.4,3.4,3.9,2.5
2022-01-05 14:20:00,189.0,60.0,0.0,27.9,15.2,15.3,15.1,17.6,-9999.0,1411.0,258.0,235.0,1.9,2.5,3.1,2.3
2022-01-05 14:30:00,218.0,59.0,0.0,13.1,15.6,15.7,15.3,17.9,-9999.0,1430.0,285.0,295.0,2.2,3.2,3.8,2.2
2022-01-05 14:40:00,239.0,59.0,0.0,20.8,15.4,15.7,15.4,17.7,-9999.0,1434.0,268.0,276.0,2.1,3.3,3.7,2.7
2022-01-05 14:50:00,283.0,58.0,0.0,36.5,15.9,16.3,15.4,19.3,-9999.0,1441.0,225.0,242.0,0.7,1.5,2.3,1.9
2022-01-05 15:00:00,257.0,55.0,0.0,46.2,16.8,17.0,16.3,20.9,-9999.0,1500.0,314.0,302.0,1.3,2.9,3.3,1.3
2022-01-05 15:10:00,152.0,57.0,0.0,25.4,16.0,16.5,15.8,18.6,-9999.0,1508.0,297.0,283.0,1.9,2.8,3.4,2.2
2022-01-05 15:20:00,134.0,59.0,0.0,32.1,15.6,15.8,15.4,17.1,-9999.0,1512.0,249.0,258.0,1.4,2.3,2.8,1.9
2022-01-05 15:30:00,162.0,60.0,0.0,24.4,15.4,15.5,15.3,17.4,-9999.0,1530.0,290.0,299.0,1.5,3.4,3.8,1.5
2022-01-05 15:40:00,217.0,61.0,0.0,12.3,15.3,15.4,15.1,18.6,-9999.0,1537.0,304.0,306.0,2.6,3.3,3.6,2.7
2022-01-05 15:50:00,159.0,62.0,0.0,12.4,15.1,15.2,14.9,17.5,-9999.0,1550.0,298.0,296.0,3.1,3.7,4.2,3.1
2022-01-05 16:00:00,118.0,64.0,0.0,8.2,14.8,14.9,14.6,16.4,-9999.0,1557.0,295.0,296.0,3.4,3.9,4.4,3.4
2022-01-05 16:10:00,85.0,66.0,0.0,7.4,14.4,14.6,14.4,15.3,-9999.0,1601.0,290.0,298.0,3.2,3.9,4.4,3.3
2022-01-05 16:20:00,58.0,67.0,0.0,7.3,14.1,14.4,14.0,14.3,-9999.0,1613.0,289.0,306.0,3.5,4.1,4.6,3.5
2022-01-05 16:30:00,38.0,69.0,0.0,8.1,13.8,14.0,13.6,13.4,-9999.0,1629.0,299.0,304.0,3.5,4.2,4.5,3.6
2022-01-05 16:40:00,18.0,71.0,0.0,7.3,13.4,13.6,13.2,12.7,-9999.0,1631.0,310.0,306.0,3.3,4.1,4.6,3.4
2022-01-05 16:50:00,4.0,73.0,0.0,8.3,12.9,13.2,12.6,11.7,-9999.0,1650.0,310.0,312.0,3.4,4.0,4.5,3.4
2022-01-05 17:00:00,0.0,77.0,0.0,4.0,12.3,12.6,12.1,11.1,-9999.0,1659.0,329.0,325.0,3.9,4.2,4.6,3.9
2022-01-05 17:10:00,0.0,80.0,0.0,3.4,11.9,12.1,11.7,10.3,-9999.0,1701.0,337.0,330.0,3.3,3.5,3.8,3.8
2022-01-05 17:20:00,0.0,81.0,0.0,3.0,11.6,11.7,11.4,9.7,-9999.0,1711.0,346.0,344.0,3.0,3.4,3.8,3.2
2022-01-05 17:30:00,0.0,83.0,0.0,5.9,11.2,11.4,11.2,9.5,-9999.0,1721.0,2.0,4.0,2.5,2.7,2.8,2.9
2022-01-05 17:40:00,0.0,83.0,0.0,3.8,11.2,11.2,11.1,9.4,-9999.0,1731.0,9.0,6.0,2.2,2.5,2.6,2.5
2022-01-05 17:50:00,0.0,84.0,0.0,11.7,11.0,11.2,10.9,9.0,-9999.0,1741.0,35.0,34.0,1.7,2.0,2.1,2.2
2022-01-05 18:00:00,0.0,84.0,0.0,5.4,11.0,11.1,11.0,9.1,-9999.0,1800.0,46.0,49.0,2.1,2.6,2.8,2.1
2022-01-05 18:10:00,0.0,84.0,0.0,3.7,11.0,11.1,10.9,9.4,-9999.0,1810.0,48.0,48.0,2.8,3.0,3.2,2.8
2022-01-05 18:20:00,0.0,85.0,0.0,3.3,11.0,11.1,10.9,9.6,-9999.0,1820.0,49.0,50.0,3.2,3.3,3.4,3.2
2022-01-05 18:30:00,0.0,84.0,0.0,12.7,10.8,11.2,10.6,9.1,-9999.0,1821.0,73.0,75.0,2.2,3.3,3.3,3.2
2022-01-05 18:40:00,0.0,85.0,0.0,7.0,10.6,10.6,10.6,8.9,-9999.0,1840.0,66.0,56.0,3.2,4.1,4.5,3.2
2022-01-05 18:50:00,0.0,84.0,0.0,5.0,10.8,10.9,10.6,9.3,-9999.0,1849.0,63.0,62.0,4.3,4.8,5.2,4.3
2022-01-05 19:00:00,0.0,81.0,0.0,6.9,10.9,10.9,10.8,9.3,-9999.0,1851.0,66.0,65.0,4.2,4.6,5.2,4.3
2022-01-05 19:10:00,0.0,78.0,0.0,4.9,11.1,11.2,10.9,9.6,-9999.0,1910.0,64.0,71.0,4.6,4.9,5.2,4.6
2022-01-05 19:20:00,0.0,77.0,0.0,5.5,11.0,11.2,10.9,9.6,-9999.0,1920.0,63.0,67.0,5.1,5.5,5.9,5.1
2022-01-05 19:30:00,0.0,77.0,0.0,4.2,11.1,11.2,10.9,9.7,-9999.0,1923.0,59.0,62.0,5.3,5.6,5.9,5.4
2022-01-05 19:40:00,0.0,77.0,0.0,7.6,11.0,11.2,10.9,9.6,-9999.0,1931.0,66.0,59.0,5.0,5.4,6.4,5.2
2022-01-05 19:50:00,0.0,78.0,0.0,7.5,10.8,10.9,10.6,9.5,-9999.0,1950.0,65.0,61.0,5.4,6.1,6.7,5.4
2022-01-05 20:00:00,0.0,79.0,0.0,7.6,10.6,10.6,10.5,9.2,-9999.0,1952.0,67.0,66.0,5.2,6.0,6.7,5.5
2022-01-05 20:10:00,0.0,80.0,0.0,7.6,10.5,10.6,10.5,9.2,-9999.0,2001.0,70.0,69.0,5.1,5.5,6.3,5.1
2022-01-05 20:20:00,0.0,80.0,0.0,6.7,10.4,10.5,10.4,9.2,-9999.0,2018.0,67.0,58.0,5.4,5.8,6.6,5.4
2022-01-05 20:30:00,0.0,81.0,0.0,7.2,10.4,10.5,10.4,9.2,-9999.0,2022.0,67.0,62.0,5.0,5.6,6.1,5.4
2022-01-05 20:40:00,0.0,82.0,0.0,7.7,10.5,10.6,10.5,9.1,-9999.0,2031.0,71.0,66.0,4.7,5.0,5.8,4.9
2022-01-05 20:50:00,0.0,82.0,0.0,8.0,10.7,10.7,10.6,9.2,-9999.0,2042.0,71.0,66.0,4.7,4.9,5.7,4.7
2022-01-05 21:00:00,0.0,81.0,0.0,9.6,10.6,10.7,10.5,9.1,-9999.0,2051.0,68.0,68.0,4.1,4.5,5.4,4.7
2022-01-05 21:10:00,0.0,80.0,0.0,9.3,10.5,10.7,10.4,8.9,-9999.0,2110.0,69.0,68.0,4.4,5.0,5.9,4.4
2022-01-05 21:20:00,0.0,80.0,0.0,7.4,10.7,10.8,10.7,9.2,-9999.0,2120.0,72.0,64.0,4.7,5.3,6.2,4.7
2022-01-05 21:30:00,0.0,80.0,0.0,7.6,10.7,10.8,10.7,9.2,-9999.0,2124.0,71.0,75.0,4.9,5.4,6.3,5.0
2022-01-05 21:40:00,0.0,81.0,0.0,8.4,10.7,10.7,10.7,9.3,-9999.0,2131.0,69.0,61.0,4.8,5.2,6.2,4.9
2022-01-05 21:50:00,0.0,82.0,0.0,6.6,10.6,10.8,10.6,9.2,-9999.0,2150.0,65.0,62.0,5.3,6.2,6.9,5.3
2022-01-05 22:00:00,0.0,80.0,0.0,4.2,10.8,10.9,10.7,9.4,-9999.0,2158.0,62.0,60.0,5.9,6.2,6.6,5.9
2022-01-05 22:10:00,0.0,78.0,0.0,6.9,10.7,10.9,10.6,9.2,-9999.0,2201.0,64.0,65.0,5.3,5.9,6.4,5.9
2022-01-05 22:20:00,0.0,79.0,0.0,6.7,10.6,10.7,10.6,9.1,-9999.0,2220.0,64.0,61.0,5.2,5.8,6.6,5.2
2022-01-05 22:30:00,0.0,79.0,0.0,7.3,10.7,10.8,10.6,9.2,-9999.0,2224.0,66.0,64.0,5.3,6.1,7.0,5.5
2022-01-05 22:40:00,0.0,80.0,0.0,7.2,10.4,10.6,10.3,8.9,-9999.0,2240.0,65.0,61.0,5.1,5.9,6.4,5.1
2022-01-05 22:50:00,0.0,81.0,0.0,5.7,10.3,10.4,10.2,8.9,-9999.0,2250.0,62.0,58.0,5.7,6.2,6.7,5.7
2022-01-05 23:00:00,0.0,81.0,0.0,5.9,10.3,10.4,10.1,8.9,-9999.0,2254.0,62.0,60.0,5.5,5.9,6.5,5.8
2022-01-05 23:10:00,0.0,82.0,0.0,6.8,9.9,10.1,9.7,8.4,-9999.0,2301.0,64.0,57.0,5.1,5.6,6.2,5.4
2022-01-05 23:20:00,0.0,82.0,0.0,7.1,10.1,10.5,9.7,8.7,-9999.0,2320.0,63.0,57.0,5.8,6.4,7.3,5.8
2022-01-05 23:30:00,0.0,80.0,0.0,4.6,10.3,10.5,10.2,8.9,-9999.0,2322.0,64.0,65.0,5.6,5.9,6.5,6.0
2022-01-05 23:40:00,0.0,80.0,0.0,7.7,10.2,10.3,10.1,8.5,-9999.0,2331.0,64.0,57.0,4.4,5.7,6.4,5.6
2022-01-05 23:50:00,0.0,80.0,0.0,8.2,9.9,10.1,9.9,8.1,-9999.0,2341.0,70.0,63.0,3.8,4.8,5.3,4.2
2022-01-06 00:00:00,0.0,77.0,0.0,2.3,10.5,10.6,10.1,8.8,-9999.0,0.0,63.0,59.0,5.0,5.4,5.8,5.0
2022-01-06 00:10:00,0.0,76.0,0.0,4.0,10.7,10.7,10.6,9.0,-9999.0,8.0,64.0,69.0,5.2,5.4,6.0,5.2
2022-01-06 00:20:00,0.0,76.0,0.0,7.2,10.4,10.6,10.2,8.6,-9999.0,14.0,66.0,64.0,4.9,5.3,6.1,5.1
2022-01-06 00:30:00,0.0,77.0,0.0,9.6,10.2,10.3,10.1,8.4,-9999.0,21.0,68.0,76.0,4.6,5.2,6.2,4.8
2022-01-06 00:40:00,0.0,76.0,0.0,9.0,10.4,10.6,10.2,8.6,-9999.0,40.0,68.0,62.0,5.1,6.5,7.4,5.1
2022-01-06 00:50:00,0.0,76.0,0.0,8.5,10.7,10.9,10.6,9.0,-9999.0,47.0,69.0,68.0,5.3,6.0,7.2,5.5
2022-01-06 01:00:00,0.0,76.0,0.0,7.7,10.7,10.9,10.6,9.0,-9999.0,100.0,67.0,66.0,5.5,6.5,7.3,5.5
2022-01-06 01:10:00,0.0,77.0,0.0,9.9,10.4,10.6,10.4,8.7,-9999.0,103.0,68.0,64.0,5.0,6.1,6.9,5.6
2022-01-06 01:20:00,0.0,79.0,0.0,8.9,10.2,10.4,10.1,8.5,-9999.0,120.0,67.0,60.0,5.2,6.2,7.0,5.2
2022-01-06 01:30:00,0.0,80.0,0.0,8.6,9.9,10.1,9.8,8.3,-9999.0,121.0,74.0,79.0,4.7,5.5,6.2,5.1
2022-01-06 01:40:00,0.0,81.0,0.0,7.3,10.0,10.1,9.9,8.5,-9999.0,140.0,71.0,76.0,5.8,6.2,7.0,5.8
2022-01-06 01:50:00,0.0,80.0,0.0,8.8,10.1,10.2,10.1,8.5,-9999.0,141.0,71.0,74.0,5.0,6.1,6.7,5.7
2022-01-06 02:00:00,0.0,79.0,0.0,7.5,10.1,10.2,10.0,8.4,-9999.0,200.0,67.0,57.0,5.4,6.0,6.8,5.4
2022-01-06 02:10:00,0.0,79.0,0.0,7.9,10.0,10.1,9.9,8.1,-9999.0,201.0,67.0,73.0,5.1,5.7,6.6,5.4
2022-01-06 02:20:00,0.0,77.0,0.0,7.1,10.2,10.3,10.1,8.4,-9999.0,213.0,68.0,65.0,5.2,6.5,7.1,5.3
2022-01-06 02:30:00,0.0,75.0,0.0,5.0,10.3,10.5,10.1,8.6,-9999.0,230.0,65.0,63.0,5.6,6.0,6.7,5.6
2022-01-06 02:40:00,0.0,77.0,0.0,7.2,10.1,10.2,9.9,8.4,-9999.0,233.0,66.0,62.0,5.4,6.3,7.2,5.7
2022-01-06 02:50:00,0.0,75.0,0.0,6.8,9.9,10.0,9.8,7.9,-9999.0,241.0,67.0,67.0,4.9,5.5,6.0,5.3
2022-01-06 03:00:00,0.0,73.0,0.0,5.4,10.1,10.2,9.9,8.2,-9999.0,300.0,66.0,72.0,5.8,6.4,7.6,5.8
2022-01-06 03:10:00,0.0,76.0,0.0,5.8,10.1,10.2,10.0,8.5,-9999.0,306.0,67.0,65.0,5.9,6.7,7.5,6.0
2022-01-06 03:20:00,0.0,77.0,0.0,6.9,9.9,10.0,9.9,8.3,-9999.0,311.0,68.0,87.0,5.6,6.4,7.0,5.9
2022-01-06 03:30:00,0.0,77.0,0.0,5.6,9.9,10.0,9.8,8.2,-9999.0,326.0,66.0,62.0,5.7,6.5,7.1,5.8
2022-01-06 03:40:00,0.0,75.0,0.0,7.6,9.9,9.9,9.8,8.0,-9999.0,331.0,68.0,67.0,4.5,5.7,6.5,5.6
2022-01-06 03:50:00,0.0,72.0,0.0,9.3,10.1,10.2,9.9,8.1,-9999.0,350.0,67.0,67.0,4.9,5.8,6.5,4.9
2022-01-06 04:00:00,0.0,71.0,0.0,7.5,10.2,10.2,10.1,8.3,-9999.0,359.0,69.0,71.0,5.1,5.8,6.4,5.1
2022-01-06 04:10:00,0.0,71.0,0.0,8.3,10.0,10.1,10.0,8.2,-9999.0,402.0,74.0,69.0,4.9,6.1,6.7,5.2
2022-01-06 04:20:00,0.0,69.0,0.0,6.1,10.1,10.2,10.0,8.2,-9999.0,420.0,75.0,76.0,5.0,5.5,6.3,5.0
2022-01-06 04:30:00,0.0,67.0,0.0,6.0,10.1,10.3,10.0,8.2,-9999.0,422.0,75.0,89.0,4.9,5.3,6.0,5.0
2022-01-06 04:40:00,0.0,64.0,0.0,5.6,10.2,10.4,10.0,8.1,-9999.0,431.0,78.0,72.0,4.4,4.8,5.1,4.8
2022-01-06 04:50:00,0.0,63.0,0.0,6.3,10.3,10.4,10.1,8.1,-9999.0,447.0,78.0,75.0,4.5,5.0,5.6,4.5
2022-01-06 05:00:00,0.0,63.0,0.0,5.7,10.0,10.2,9.8,7.9,-9999.0,459.0,77.0,73.0,4.7,5.1,5.6,4.8
2022-01-06 05:10:00,0.0,61.0,0.0,5.6,10.3,10.5,10.1,8.1,-9999.0,501.0,78.0,82.0,4.5,4.9,5.5,4.8
2022-01-06 05:20:00,0.0,57.0,0.0,6.3,10.6,10.7,10.4,8.3,-9999.0,511.0,81.0,78.0,4.3,4.9,5.4,4.5
2022-01-06 05:30:00,0.0,57.0,0.0,5.8,10.7,10.8,10.6,8.2,-9999.0,522.0,85.0,82.0,3.9,4.8,4.9,4.4
2022-01-06 05:40:00,0.0,57.0,0.0,5.4,10.5,10.7,10.3,7.9,-9999.0,540.0,87.0,88.0,3.9,4.3,4.7,3.9
2022-01-06 05:50:00,0.0,55.0,0.0,5.5,10.7,10.9,10.4,8.1,-9999.0,545.0,85.0,85.0,4.1,4.5,4.9,4.1
2022-01-06 06:00:00,0.0,55.0,0.0,5.5,10.6,10.9,10.6,8.1,-9999.0,551.0,85.0,93.0,4.0,4.3,4.6,4.1
2022-01-06 06:10:00,0.0,56.0,0.0,4.5,10.4,10.6,10.3,8.1,-9999.0,609.0,79.0,80.0,4.1,4.4,4.8,4.1
2022-01-06 06:20:00,0.0,57.0,0.0,4.9,10.2,10.4,10.1,7.9,-9999.0,620.0,77.0,83.0,4.2,4.7,5.1,4.2
2022-01-06 06:30:00,0.0,58.0,0.0,5.1,10.0,10.3,9.8,7.9,-9999.0,630.0,78.0,79.0,4.8,5.0,5.5,4.8
2022-01-06 06:40:00,0.0,57.0,0.0,5.4,10.3,10.4,10.0,8.1,-9999.0,640.0,78.0,72.0,4.9,5.1,5.6,4.9
2022-01-06 06:50:00,2.0,58.0,0.0,5.3,10.0,10.1,9.9,7.9,-9999.0,641.0,73.0,72.0,4.5,4.9,5.2,4.9
2022-01-06 07:00:00,20.0,58.0,0.0,4.1,10.1,10.1,9.9,8.2,-9999.0,651.0,75.0,78.0,4.3,4.7,5.1,4.4
2022-01-06 07:10:00,49.0,58.0,0.0,3.5,10.1,10.2,9.9,8.8,-9999.0,710.0,83.0,80.0,4.9,5.2,5.8,4.9
2022-01-06 07:20:00,77.0,58.0,0.0,3.3,10.4,10.5,10.2,9.9,-9999.0,716.0,83.0,84.0,5.1,5.3,5.8,5.1
2022-01-06 07:30:00,107.0,57.0,0.0,4.3,10.7,11.0,10.5,10.7,-9999.0,721.0,82.0,82.0,4.8,5.1,5.5,5.0
2022-01-06 07:40:00,139.0,56.0,0.0,6.0,11.2,11.4,11.0,11.5,-9999.0,740.0,75.0,72.0,4.8,5.1,5.6,4.8
2022-01-06 07:50:00,171.0,55.0,0.0,7.1,11.6,11.7,11.4,12.2,-9999.0,741.0,72.0,70.0,4.6,5.1,5.8,4.8
2022-01-06 08:00:00,203.0,54.0,0.0,8.3,12.1,12.3,11.7,13.1,-9999.0,753.0,69.0,55.0,4.4,5.0,5.8,4.6
2022-01-06 08:10:00,235.0,54.0,0.0,7.4,12.6,12.9,12.3,14.0,-9999.0,809.0,70.0,65.0,4.3,4.6,5.3,4.3
2022-01-06 08:20:00,266.0,53.0,0.0,8.9,13.2,13.6,12.9,14.9,-9999.0,811.0,68.0,80.0,3.7,4.2,4.8,4.3
2022-01-06 08:30:00,297.0,51.0,0.0,9.7,14.0,14.4,13.6,16.0,-9999.0,821.0,72.0,69.0,3.1,4.1,4.6,3.7
2022-01-06 08:40:00,327.0,44.0,0.0,15.3,15.0,15.6,14.4,17.3,-9999.0,831.0,94.0,98.0,2.6,3.2,4.1,2.9
2022-01-06 08:50:00,357.0,39.0,0.0,12.6,15.5,15.7,15.4,17.8,-9999.0,849.0,102.0,102.0,3.1,3.8,4.8,3.1
2022-01-06 09:00:00,385.0,38.0,0.0,11.2,15.8,15.9,15.6,18.3,-9999.0,855.0,100.0,99.0,3.2,3.9,4.7,3.2
2022-01-06 09:10:00,312.0,37.0,0.0,12.8,16.0,16.2,15.8,18.8,-9999.0,901.0,99.0,99.0,3.2,4.0,4.8,3.2
2022-01-06 09:20:00,149.0,37.0,0.0,10.9,16.1,16.2,15.9,19.1,-9999.0,914.0,104.0,96.0,3.2,3.9,4.7,3.5
2022-01-06 09:30:00,460.0,36.0,0.0,17.0,16.3,16.4,16.1,19.6,-9999.0,921.0,103.0,80.0,2.9,3.8,5.0,3.2
2022-01-06 09:40:00,486.0,41.0,0.0,18.3,16.4,16.6,16.1,19.8,-9999.0,932.0,73.0,75.0,2.8,3.4,4.4,3.0
2022-01-06 09:50:00,412.0,40.0,0.0,23.3,16.5,16.9,16.1,20.4,-9999.0,948.0,84.0,88.0,2.7,3.5,4.4,2.8
2022-01-06 10:00:00,517.0,37.0,0.0,19.4,16.6,16.8,16.3,20.5,-9999.0,1000.0,95.0,71.0,3.0,3.7,4.8,3.0
2022-01-06 10:10:00,547.0,36.0,0.0,15.2,16.8,17.0,16.5,21.0,-9999.0,1003.0,94.0,91.0,2.7,3.3,3.9,3.0
2022-01-06 10:20:00,534.0,36.0,0.0,23.0,16.9,17.1,16.6,21.4,-9999.0,1011.0,99.0,120.0,2.3,3.1,3.9,2.5
2022-01-06 10:30:00,543.0,37.0,0.0,31.8,17.1,17.5,16.9,21.8,-9999.0,1026.0,93.0,94.0,2.0,3.0,4.1,2.3
2022-01-06 10:40:00,591.0,34.0,0.0,19.8,17.4,17.7,17.1,22.4,-9999.0,1040.0,95.0,106.0,2.3,3.4,4.0,2.3
2022-01-06 10:50:00,600.0,31.0,0.0,49.4,18.3,18.9,17.4,23.5,-9999.0,1041.0,115.0,76.0,1.5,2.6,2.8,2.3
2022-01-06 11:00:00,608.0,29.0,0.0,20.6,18.2,18.5,18.0,23.6,-9999.0,1058.0,136.0,93.0,1.5,2.5,2.9,1.6
2022-01-06 11:10:00,616.0,30.0,0.0,47.4,18.6,19.2,17.9,24.0,-9999.0,1110.0,110.0,104.0,1.6,2.8,3.4,1.6
2022-01-06 11:20:00,624.0,31.0,0.0,23.3,18.0,18.5,17.7,23.8,-9999.0,1118.0,143.0,154.0,2.2,3.0,3.7,2.4
2022-01-06 11:30:00,626.0,31.0,0.0,38.4,18.4,18.9,17.9,24.0,-9999.0,1122.0,156.0,109.0,1.3,2.1,3.2,2.2
2022-01-06 11:40:00,626.0,31.0,0.0,53.2,18.9,19.3,18.4,24.7,-9999.0,1131.0,161.0,152.0,1.0,2.0,2.8,1.3
2022-01-06 11:50:00,629.0,30.0,0.0,35.2,18.9,19.4,18.5,24.7,-9999.0,1150.0,151.0,117.0,1.9,3.4,4.4,1.9
2022-01-06 12:00:00,627.0,30.0,0.0,54.4,18.9,19.6,18.3,24.8,-9999.0,1153.0,181.0,150.0,1.2,2.8,3.3,2.1
2022-01-06 12:10:00,624.0,32.0,0.0,19.5,18.7,19.5,18.4,25.2,-9999.0,1208.0,141.0,156.0,1.7,2.4,3.1,1.9
2022-01-06 12:20:00,619.0,32.0,0.0,70.5,18.9,19.3,18.6,25.5,-9999.0,1211.0,36.0,28.0,1.0,1.9,2.5,1.5
2022-01-06 12:30:00,610.0,33.0,0.0,16.5,19.2,19.5,18.7,25.6,-9999.0,1230.0,330.0,341.0,1.4,2.9,3.9,1.4
2022-01-06 12:40:00,608.0,33.0,0.0,76.6,18.7,19.1,18.4,24.3,-9999.0,1239.0,351.0,92.0,2.1,4.1,5.8,2.1
2022-01-06 12:50:00,599.0,33.0,0.0,32.2,18.8,19.1,18.4,25.1,-9999.0,1242.0,85.0,77.0,1.9,3.3,4.1,2.1
2022-01-06 13:00:00,589.0,34.0,0.0,21.9,18.4,18.6,18.3,24.6,-9999.0,1300.0,102.0,85.0,2.7,3.8,5.5,2.7
2022-01-06 13:10:00,577.0,33.0,0.0,17.1,18.6,18.8,18.4,24.5,-9999.0,1305.0,90.0,79.0,2.9,4.0,4.9,3.1
2022-01-06 13:20:00,561.0,34.0,0.0,26.0,18.1,18.6,17.9,24.1,-9999.0,1313.0,66.0,78.0,2.5,3.9,4.6,3.1
2022-01-06 13:30:00,545.0,34.0,0.0,13.9,18.3,18.5,18.0,24.5,-9999.0,1330.0,108.0,95.0,2.9,4.4,4.9,2.9
2022-01-06 13:40:00,527.0,34.0,0.0,19.0,18.3,18.5,18.2,24.4,-9999.0,1335.0,107.0,90.0,3.1,3.8,4.7,3.2
2022-01-06 13:50:00,506.0,34.0,0.0,14.4,18.1,18.5,17.9,24.1,-9999.0,1347.0,119.0,106.0,3.3,4.3,5.1,3.5
2022-01-06 14:00:00,437.0,33.0,0.0,20.0,18.4,18.7,18.2,24.3,-9999.0,1351.0,106.0,80.0,2.9,3.5,4.6,3.2
2022-01-06 14:10:00,459.0,33.0,0.0,14.4,18.2,18.5,17.8,23.7,-9999.0,1410.0,111.0,100.0,3.5,4.9,5.5,3.5
2022-01-06 14:20:00,436.0,34.0,0.0,13.8,17.9,18.2,17.7,23.2,-9999.0,1413.0,113.0,110.0,3.7,4.6,5.4,3.8
2022-01-06 14:30:00,404.0,34.0,0.0,16.7,18.0,18.2,17.8,23.0,-9999.0,1421.0,101.0,83.0,3.2,4.0,5.2,3.5
2022-01-06 14:40:00,378.0,33.0,0.0,14.0,18.1,18.3,17.8,23.3,-9999.0,1433.0,105.0,105.0,2.8,3.6,4.5,3.2
2022-01-06 14:50:00,318.0,33.0,0.0,18.1,17.7,17.9,17.5,22.6,-9999.0,1447.0,108.0,149.0,3.0,4.0,4.6,3.1
2022-01-06 15:00:00,314.0,33.0,0.0,18.5,18.0,18.0,17.8,22.6,-9999.0,1452.0,126.0,141.0,2.7,3.7,4.7,3.0
2022-01-06 15:10:00,263.0,34.0,0.0,18.6,17.6,17.9,17.4,21.7,-9999.0,1506.0,120.0,109.0,2.7,3.7,4.5,2.9
2022-01-06 15:20:00,203.0,35.0,0.0,12.6,17.2,17.5,17.0,20.0,-9999.0,1520.0,101.0,103.0,2.8,3.3,3.8,2.8
2022-01-06 15:30:00,201.0,36.0,0.0,11.3,17.0,17.1,17.0,20.5,-9999.0,1521.0,110.0,105.0,2.6,3.4,4.1,2.8
2022-01-06 15:40:00,158.0,38.0,0.0,11.3,16.9,17.0,16.7,19.6,-9999.0,1531.0,103.0,84.0,2.4,2.9,3.8,2.5
2022-01-06 15:50:00,112.0,39.0,0.0,15.9,16.6,16.7,16.5,18.3,-9999.0,1543.0,93.0,75.0,1.9,2.7,3.3,2.4
2022-01-06 16:00:00,45.0,40.0,0.0,12.9,16.2,16.5,15.9,15.8,-9999.0,1557.0,75.0,49.0,2.0,3.0,3.4,2.0
2022-01-06 16:10:00,36.0,40.0,0.0,13.5,15.8,15.9,15.7,14.4,-9999.0,1601.0,98.0,71.0,1.3,1.7,2.0,2.0
2022-01-06 16:20:00,26.0,40.0,0.0,6.9,15.4,15.7,15.1,13.3,-9999.0,1620.0,109.0,116.0,1.3,1.6,1.7,1.3
2022-01-06 16:30:00,23.0,40.0,0.0,7.8,14.9,15.1,14.9,12.8,-9999.0,1627.0,104.0,109.0,1.4,1.7,1.9,1.4
2022-01-06 16:40:00,10.0,40.0,0.0,10.8,14.9,14.9,14.7,12.9,-9999.0,1640.0,87.0,69.0,1.5,2.2,2.5,1.5
2022-01-06 16:50:00,1.0,43.0,0.0,7.2,14.5,14.7,14.3,12.4,-9999.0,1649.0,70.0,67.0,2.2,2.4,2.5,2.2
2022-01-06 17:00:00,0.0,45.0,0.0,5.5,14.2,14.3,14.1,12.1,-9999.0,1700.0,84.0,81.0,2.8,3.4,3.5,2.8
2022-01-06 17:10:00,0.0,44.0,0.0,4.9,13.8,14.1,13.7,11.8,-9999.0,1704.0,84.0,83.0,2.8,3.0,3.2,2.9
2022-01-06 17:20:00,0.0,43.0,0.0,4.4,13.4,13.7,13.3,10.9,-9999.0,1711.0,95.0,92.0,2.4,2.6,2.8,2.7
2022-01-06 17:30:00,0.0,40.0,0.0,3.4,13.4,13.6,13.3,10.8,-9999.0,1730.0,95.0,97.0,2.6,2.8,3.1,2.6
2022-01-06 17:40:00,0.0,40.0,0.0,3.6,13.3,13.4,13.1,11.3,-9999.0,1737.0,94.0,93.0,2.9,3.4,3.6,2.9
2022-01-06 17:50:00,0.0,40.0,0.0,5.9,13.2,13.4,13.0,11.1,-9999.0,1741.0,92.0,91.0,2.7,2.8,3.1,2.8
2022-01-06 18:00:00,0.0,40.0,0.0,5.6,13.2,13.4,13.1,11.2,-9999.0,1800.0,98.0,106.0,2.8,3.4,3.7,2.8
2022-01-06 18:10:00,0.0,42.0,0.0,5.8,12.8,13.1,12.6,10.9,-9999.0,1806.0,109.0,108.0,2.8,3.3,3.6,3.1
2022-01-06 18:20:00,0.0,43.0,0.0,3.1,12.4,12.6,12.4,10.3,-9999.0,1820.0,112.0,114.0,3.0,3.4,3.6,3.0
2022-01-06 18:30:00,0.0,43.0,0.0,4.9,12.5,12.7,12.2,10.3,-9999.0,1823.0,115.0,113.0,2.5,3.2,3.2,3.1
2022-01-06 18:40:00,0.0,43.0,0.0,6.3,12.4,12.6,12.2,10.3,-9999.0,1840.0,103.0,100.0,2.4,3.0,3.2,2.4
2022-01-06 18:50:00,0.0,44.0,0.0,6.5,12.1,12.3,12.0,10.4,-9999.0,1841.0,103.0,93.0,2.2,2.5,2.8,2.4
2022-01-06 19:00:00,0.0,44.0,0.0,5.4,12.1,12.2,12.0,9.9,-9999.0,1859.0,115.0,117.0,2.4,2.9,3.2,2.4
2022-01-06 19:10:00,0.0,43.0,0.0,8.0,12.3,12.6,12.0,9.5,-9999.0,1901.0,104.0,109.0,1.3,2.1,2.6,2.3
2022-01-06 19:20:00,0.0,43.0,0.0,6.1,12.5,12.7,12.4,9.4,-9999.0,1920.0,116.0,113.0,2.3,2.9,3.0,2.3
2022-01-06 19:30:00,0.0,43.0,0.0,5.5,12.5,12.7,12.4,10.1,-9999.0,1930.0,110.0,107.0,2.9,3.1,3.7,2.9
2022-01-06 19:40:00,0.0,43.0,0.0,8.5,12.4,12.5,12.3,10.1,-9999.0,1932.0,121.0,125.0,2.7,3.2,3.7,2.9
2022-01-06 19:50:00,0.0,42.0,0.0,7.3,12.7,12.8,12.4,10.4,-9999.0,1947.0,117.0,121.0,2.9,3.5,4.1,3.1
2022-01-06 20:00:00,0.0,43.0,0.0,13.9,12.5,12.6,12.3,9.4,-9999.0,1951.0,104.0,94.0,1.4,2.4,2.6,2.8
2022-01-06 20:10:00,0.0,42.0,0.0,5.2,12.7,12.7,12.5,9.6,-9999.0,2010.0,102.0,109.0,2.1,2.5,2.8,2.1
2022-01-06 20:20:00,0.0,43.0,0.0,5.9,12.5,12.7,12.5,9.4,-9999.0,2020.0,105.0,99.0,2.9,3.3,3.6,2.9
2022-01-06 20:30:00,0.0,42.0,0.0,5.0,12.5,12.6,12.4,9.7,-9999.0,2030.0,100.0,108.0,3.0,3.5,3.9,3.0
2022-01-06 20:40:00,0.0,41.0,0.0,4.4,12.5,12.6,12.3,9.7,-9999.0,2040.0,100.0,101.0,3.0,3.6,3.8,3.0
2022-01-06 20:50:00,0.0,40.0,0.0,3.6,12.6,12.7,12.5,10.1,-9999.0,2050.0,101.0,99.0,3.9,4.2,4.5,3.9
2022-01-06 21:00:00,0.0,39.0,0.0,5.9,12.5,12.6,12.4,10.6,-9999.0,2053.0,96.0,97.0,3.5,4.0,4.2,3.9
2022-01-06 21:10:00,0.0,40.0,0.0,6.1,12.1,12.4,11.9,9.5,-9999.0,2101.0,111.0,114.0,3.1,3.3,4.0,3.5
2022-01-06 21:20:00,0.0,39.0,0.0,6.3,12.2,12.3,12.0,9.1,-9999.0,2111.0,107.0,110.0,2.7,3.1,3.4,3.1
2022-01-06 21:30:00,0.0,38.0,0.0,5.7,12.2,12.3,12.1,8.9,-9999.0,2121.0,111.0,106.0,2.5,2.8,3.3,2.6
2022-01-06 21:40:00,0.0,38.0,0.0,9.3,12.0,12.2,11.8,8.0,-9999.0,2131.0,118.0,130.0,1.7,2.2,2.4,2.4
2022-01-06 21:50:00,0.0,39.0,0.0,10.2,11.6,11.8,11.5,7.1,-9999.0,2150.0,119.0,125.0,2.1,2.6,3.6,2.1
2022-01-06 22:00:00,0.0,38.0,0.0,18.3,11.7,11.7,11.6,7.0,-9999.0,2153.0,120.0,108.0,1.3,2.3,3.0,2.2
2022-01-06 22:10:00,0.0,37.0,0.0,18.2,11.7,11.9,11.6,6.7,-9999.0,2210.0,119.0,100.0,1.4,1.9,3.1,1.4
2022-01-06 22:20:00,0.0,37.0,0.0,12.0,11.9,12.0,11.8,6.6,-9999.0,2215.0,117.0,111.0,1.4,2.1,2.5,1.7
2022-01-06 22:30:00,0.0,36.0,0.0,12.7,11.9,12.1,11.7,5.9,-9999.0,2230.0,116.0,120.0,1.7,2.3,2.6,1.7
2022-01-06 22:40:00,0.0,35.0,0.0,6.3,12.1,12.2,11.8,6.9,-9999.0,2238.0,116.0,119.0,2.5,3.1,3.4,2.5
2022-01-06 22:50:00,0.0,35.0,0.0,7.4,12.0,12.1,11.9,6.1,-9999.0,2241.0,111.0,113.0,1.6,1.9,2.5,2.4
2022-01-06 23:00:00,0.0,35.0,0.0,23.4,11.9,12.1,11.6,5.9,-9999.0,2251.0,138.0,126.0,0.6,1.5,1.6,1.5
2022-01-06 23:10:00,0.0,36.0,0.0,16.1,11.6,12.0,11.1,6.8,-9999.0,2310.0,144.0,126.0,0.7,1.6,2.0,0.7
2022-01-06 23:20:00,0.0,35.0,0.0,10.1,12.1,12.3,11.9,6.3,-9999.0,2320.0,118.0,116.0,1.5,1.9,2.3,1.5
2022-01-06 23:30:00,0.0,36.0,0.0,7.1,12.4,12.6,11.9,7.3,-9999.0,2330.0,113.0,116.0,2.5,3.0,3.3,2.5
2022-01-06 23:40:00,0.0,37.0,0.0,5.6,12.6,12.7,12.5,7.8,-9999.0,2339.0,119.0,126.0,3.0,3.3,3.9,3.0
2022-01-06 23:50:00,0.0,39.0,0.0,11.5,11.9,12.6,11.5,7.1,-9999.0,2341.0,102.0,108.0,1.9,2.5,2.8,2.9
