date,original,mis_1,mis_2,mis_3
2019-07-01 00:00:00,21.808333333333334,21.808333333333334,21.808333333333334,21.808333333333334
2019-07-01 02:00:00,20.808333333333334,20.808333333333334,20.808333333333334,20.808333333333334
2019-07-01 04:00:00,20.283333333333335,20.283333333333335,20.283333333333335,20.283333333333335
2019-07-01 06:00:00,22.21666666666667,22.21666666666667,22.21666666666667,22.21666666666667
2019-07-01 08:00:00,26.09166666666667,26.09166666666667,,26.09166666666667
2019-07-01 10:00:00,28.133333333333336,28.133333333333336,28.133333333333336,28.133333333333336
2019-07-01 12:00:00,28.675,28.675,28.675,28.675
2019-07-01 14:00:00,27.891666666666666,27.891666666666666,27.891666666666666,27.891666666666666
2019-07-01 16:00:00,26.025000000000002,26.025000000000002,26.025000000000002,26.025000000000002
2019-07-01 18:00:00,23.316666666666666,23.316666666666666,23.316666666666666,23.316666666666666
2019-07-01 20:00:00,21.474999999999998,21.474999999999998,21.474999999999998,21.474999999999998
2019-07-01 22:00:00,21.508333333333336,21.508333333333336,21.508333333333336,21.508333333333336
2019-07-02 00:00:00,21.175,21.175,21.175,21.175
2019-07-02 02:00:00,21.008333333333333,21.008333333333333,21.008333333333333,21.008333333333333
2019-07-02 04:00:00,20.566666666666666,20.566666666666666,20.566666666666666,20.566666666666666
2019-07-02 06:00:00,22.825,22.825,22.825,22.825
2019-07-02 08:00:00,25.191666666666666,25.191666666666666,25.191666666666666,25.191666666666666
2019-07-02 10:00:00,26.78333333333333,26.78333333333333,26.78333333333333,26.78333333333333
2019-07-02 12:00:00,27.308333333333334,27.308333333333334,27.308333333333334,27.308333333333334
2019-07-02 14:00:00,26.916666666666668,26.916666666666668,26.916666666666668,26.916666666666668
2019-07-02 16:00:00,25.25,25.25,25.25,25.25
2019-07-02 18:00:00,22.95,22.95,22.95,22.95
2019-07-02 20:00:00,20.75,20.75,20.75,20.75
2019-07-02 22:00:00,19.366666666666667,19.366666666666667,19.366666666666667,19.366666666666667
2019-07-03 00:00:00,18.625,18.625,18.625,18.625
2019-07-03 02:00:00,18.433333333333334,,18.433333333333334,18.433333333333334
2019-07-03 04:00:00,18.208333333333332,18.208333333333332,,18.208333333333332
2019-07-03 06:00:00,19.991666666666667,19.991666666666667,,19.991666666666667
2019-07-03 08:00:00,23.325,23.325,,23.325
2019-07-03 10:00:00,25.941666666666666,25.941666666666666,25.941666666666666,25.941666666666666
2019-07-03 12:00:00,27.133333333333336,27.133333333333336,27.133333333333336,27.133333333333336
2019-07-03 14:00:00,26.833333333333332,26.833333333333332,26.833333333333332,26.833333333333332
2019-07-03 16:00:00,25.391666666666666,25.391666666666666,25.391666666666666,25.391666666666666
2019-07-03 18:00:00,22.974999999999998,22.974999999999998,22.974999999999998,22.974999999999998
2019-07-03 20:00:00,20.75,20.75,20.75,20.75
2019-07-03 22:00:00,19.758333333333333,19.758333333333333,19.758333333333333,19.758333333333333
2019-07-04 00:00:00,19.400000000000002,,19.400000000000002,19.400000000000002
2019-07-04 02:00:00,18.825,,18.825,18.825
2019-07-04 04:00:00,19.233333333333334,19.233333333333334,19.233333333333334,19.233333333333334
2019-07-04 06:00:00,22.53333333333333,22.53333333333333,,22.53333333333333
2019-07-04 08:00:00,25.59166666666667,25.59166666666667,,25.59166666666667
2019-07-04 10:00:00,28.133333333333336,28.133333333333336,,28.133333333333336
2019-07-04 12:00:00,29.53333333333333,,,29.53333333333333
2019-07-04 14:00:00,28.616666666666664,28.616666666666664,,28.616666666666664
2019-07-04 16:00:00,26.825,26.825,,26.825
2019-07-04 18:00:00,23.166666666666668,23.166666666666668,,23.166666666666668
2019-07-04 20:00:00,20.575,20.575,20.575,20.575
2019-07-04 22:00:00,19.091666666666665,19.091666666666665,19.091666666666665,19.091666666666665
2019-07-05 00:00:00,18.158333333333335,18.158333333333335,18.158333333333335,18.158333333333335
2019-07-05 02:00:00,17.650000000000002,17.650000000000002,,17.650000000000002
2019-07-05 04:00:00,17.575,,17.575,17.575
2019-07-05 06:00:00,20.650000000000002,20.650000000000002,20.650000000000002,20.650000000000002
2019-07-05 08:00:00,24.724999999999998,24.724999999999998,24.724999999999998,24.724999999999998
2019-07-05 10:00:00,26.45,26.45,26.45,26.45
2019-07-05 12:00:00,27.59166666666667,27.59166666666667,27.59166666666667,27.59166666666667
2019-07-05 14:00:00,27.5,,27.5,27.5
2019-07-05 16:00:00,26.241666666666664,26.241666666666664,26.241666666666664,26.241666666666664
2019-07-05 18:00:00,22.974999999999998,,22.974999999999998,22.974999999999998
2019-07-05 20:00:00,20.25,20.25,20.25,20.25
2019-07-05 22:00:00,19.150000000000002,19.150000000000002,19.150000000000002,19.150000000000002
2019-07-06 00:00:00,20.041666666666668,20.041666666666668,20.041666666666668,20.041666666666668
2019-07-06 02:00:00,21.016666666666666,21.016666666666666,21.016666666666666,21.016666666666666
2019-07-06 04:00:00,21.900000000000002,21.900000000000002,21.900000000000002,21.900000000000002
2019-07-06 06:00:00,22.316666666666666,,22.316666666666666,22.316666666666666
2019-07-06 08:00:00,25.166666666666668,25.166666666666668,25.166666666666668,25.166666666666668
2019-07-06 10:00:00,27.525000000000002,27.525000000000002,27.525000000000002,27.525000000000002
2019-07-06 12:00:00,29.09166666666667,,29.09166666666667,29.09166666666667
2019-07-06 14:00:00,28.05,,,28.05
2019-07-06 16:00:00,26.558333333333334,26.558333333333334,,26.558333333333334
2019-07-06 18:00:00,24.05,24.05,,24.05
2019-07-06 20:00:00,23.883333333333336,23.883333333333336,23.883333333333336,23.883333333333336
2019-07-06 22:00:00,24.2,,24.2,24.2
2019-07-07 00:00:00,23.03333333333333,23.03333333333333,,23.03333333333333
2019-07-07 02:00:00,21.575,21.575,,21.575
2019-07-07 04:00:00,22.083333333333332,22.083333333333332,22.083333333333332,22.083333333333332
2019-07-07 06:00:00,21.84166666666667,21.84166666666667,21.84166666666667,21.84166666666667
2019-07-07 08:00:00,24.916666666666668,24.916666666666668,24.916666666666668,24.916666666666668
2019-07-07 10:00:00,27.71666666666667,27.71666666666667,27.71666666666667,27.71666666666667
2019-07-07 12:00:00,28.583333333333332,28.583333333333332,28.583333333333332,28.583333333333332
2019-07-07 14:00:00,28.291666666666668,28.291666666666668,28.291666666666668,28.291666666666668
2019-07-07 16:00:00,25.816666666666666,25.816666666666666,25.816666666666666,25.816666666666666
2019-07-07 18:00:00,22.95,22.95,22.95,22.95
2019-07-07 20:00:00,21.108333333333334,21.108333333333334,21.108333333333334,21.108333333333334
2019-07-07 22:00:00,20.325,20.325,20.325,20.325
2019-07-08 00:00:00,19.533333333333335,,19.533333333333335,19.533333333333335
2019-07-08 02:00:00,19.441666666666666,19.441666666666666,19.441666666666666,19.441666666666666
2019-07-08 04:00:00,19.2,19.2,19.2,19.2
2019-07-08 06:00:00,20.508333333333333,20.508333333333333,20.508333333333333,20.508333333333333
2019-07-08 08:00:00,23.141666666666666,23.141666666666666,23.141666666666666,23.141666666666666
2019-07-08 10:00:00,26.7,26.7,26.7,26.7
2019-07-08 12:00:00,28.208333333333332,28.208333333333332,28.208333333333332,28.208333333333332
2019-07-08 14:00:00,27.883333333333336,27.883333333333336,27.883333333333336,27.883333333333336
2019-07-08 16:00:00,26.833333333333332,26.833333333333332,26.833333333333332,26.833333333333332
2019-07-08 18:00:00,23.75,23.75,23.75,23.75
2019-07-08 20:00:00,21.816666666666666,21.816666666666666,21.816666666666666,21.816666666666666
2019-07-08 22:00:00,22.0,22.0,22.0,22.0
2019-07-09 00:00:00,22.508333333333336,22.508333333333336,22.508333333333336,22.508333333333336
2019-07-09 02:00:00,21.641666666666666,21.641666666666666,21.641666666666666,21.641666666666666
2019-07-09 04:00:00,20.741666666666667,20.741666666666667,20.741666666666667,20.741666666666667
2019-07-09 06:00:00,20.2,20.2,20.2,20.2
2019-07-09 08:00:00,23.65833333333333,23.65833333333333,,23.65833333333333
2019-07-09 10:00:00,27.583333333333332,27.583333333333332,27.583333333333332,27.583333333333332
2019-07-09 12:00:00,29.266666666666666,29.266666666666666,29.266666666666666,29.266666666666666
2019-07-09 14:00:00,28.425,28.425,28.425,28.425
2019-07-09 16:00:00,26.883333333333336,26.883333333333336,,26.883333333333336
2019-07-09 18:00:00,24.59166666666667,24.59166666666667,,24.59166666666667
2019-07-09 20:00:00,22.833333333333332,22.833333333333332,22.833333333333332,22.833333333333332
2019-07-09 22:00:00,22.3,22.3,22.3,22.3
2019-07-10 00:00:00,21.741666666666664,21.741666666666664,21.741666666666664,21.741666666666664
2019-07-10 02:00:00,21.391666666666666,21.391666666666666,21.391666666666666,21.391666666666666
2019-07-10 04:00:00,21.041666666666668,21.041666666666668,21.041666666666668,21.041666666666668
2019-07-10 06:00:00,22.683333333333334,22.683333333333334,22.683333333333334,22.683333333333334
2019-07-10 08:00:00,26.491666666666664,26.491666666666664,,26.491666666666664
2019-07-10 10:00:00,29.458333333333332,29.458333333333332,,29.458333333333332
2019-07-10 12:00:00,30.816666666666666,30.816666666666666,,30.816666666666666
2019-07-10 14:00:00,29.891666666666666,29.891666666666666,,29.891666666666666
2019-07-10 16:00:00,27.941666666666666,27.941666666666666,27.941666666666666,27.941666666666666
2019-07-10 18:00:00,24.808333333333334,24.808333333333334,24.808333333333334,24.808333333333334
2019-07-10 20:00:00,24.09166666666667,24.09166666666667,24.09166666666667,24.09166666666667
2019-07-10 22:00:00,24.833333333333332,24.833333333333332,24.833333333333332,24.833333333333332
2019-07-11 00:00:00,24.391666666666666,24.391666666666666,24.391666666666666,24.391666666666666
2019-07-11 02:00:00,23.675,23.675,23.675,23.675
2019-07-11 04:00:00,23.150000000000002,23.150000000000002,,23.150000000000002
2019-07-11 06:00:00,25.916666666666668,25.916666666666668,,25.916666666666668
2019-07-11 08:00:00,30.2,30.2,,30.2
2019-07-11 10:00:00,30.125,30.125,,30.125
2019-07-11 12:00:00,31.116666666666664,31.116666666666664,31.116666666666664,31.116666666666664
2019-07-11 14:00:00,30.433333333333334,30.433333333333334,30.433333333333334,30.433333333333334
2019-07-11 16:00:00,29.191666666666666,29.191666666666666,29.191666666666666,29.191666666666666
2019-07-11 18:00:00,26.691666666666666,26.691666666666666,26.691666666666666,26.691666666666666
2019-07-11 20:00:00,25.3,25.3,25.3,25.3
2019-07-11 22:00:00,24.025000000000002,24.025000000000002,24.025000000000002,24.025000000000002
2019-07-12 00:00:00,23.84166666666667,23.84166666666667,23.84166666666667,23.84166666666667
2019-07-12 02:00:00,24.083333333333332,24.083333333333332,,24.083333333333332
2019-07-12 04:00:00,23.416666666666668,23.416666666666668,23.416666666666668,23.416666666666668
2019-07-12 06:00:00,26.875,26.875,26.875,26.875
2019-07-12 08:00:00,29.75,29.75,29.75,29.75
2019-07-12 10:00:00,30.166666666666668,30.166666666666668,30.166666666666668,30.166666666666668
2019-07-12 12:00:00,30.241666666666664,30.241666666666664,30.241666666666664,30.241666666666664
2019-07-12 14:00:00,29.71666666666667,29.71666666666667,29.71666666666667,29.71666666666667
2019-07-12 16:00:00,27.891666666666666,27.891666666666666,27.891666666666666,27.891666666666666
2019-07-12 18:00:00,23.7,23.7,23.7,23.7
2019-07-12 20:00:00,21.441666666666666,21.441666666666666,21.441666666666666,21.441666666666666
2019-07-12 22:00:00,20.566666666666666,20.566666666666666,20.566666666666666,20.566666666666666
2019-07-13 00:00:00,20.25,20.25,20.25,20.25
2019-07-13 02:00:00,19.75,19.75,19.75,19.75
2019-07-13 04:00:00,19.466666666666665,19.466666666666665,19.466666666666665,19.466666666666665
2019-07-13 06:00:00,20.808333333333334,20.808333333333334,20.808333333333334,20.808333333333334
2019-07-13 08:00:00,22.866666666666664,22.866666666666664,22.866666666666664,22.866666666666664
2019-07-13 10:00:00,24.974999999999998,24.974999999999998,24.974999999999998,24.974999999999998
2019-07-13 12:00:00,26.71666666666667,26.71666666666667,26.71666666666667,26.71666666666667
2019-07-13 14:00:00,26.208333333333332,26.208333333333332,26.208333333333332,26.208333333333332
2019-07-13 16:00:00,24.308333333333334,,,24.308333333333334
2019-07-13 18:00:00,21.825,21.825,21.825,21.825
2019-07-13 20:00:00,19.583333333333332,19.583333333333332,,19.583333333333332
2019-07-13 22:00:00,18.8,,,18.8
2019-07-14 00:00:00,18.375,18.375,18.375,18.375
2019-07-14 02:00:00,17.883333333333333,17.883333333333333,17.883333333333333,17.883333333333333
2019-07-14 04:00:00,17.833333333333332,17.833333333333332,17.833333333333332,17.833333333333332
2019-07-14 06:00:00,19.541666666666668,19.541666666666668,19.541666666666668,19.541666666666668
2019-07-14 08:00:00,23.53333333333333,,,23.53333333333333
2019-07-14 10:00:00,26.583333333333332,26.583333333333332,,26.583333333333332
2019-07-14 12:00:00,28.316666666666666,,,28.316666666666666
2019-07-14 14:00:00,27.458333333333332,27.458333333333332,,27.458333333333332
2019-07-14 16:00:00,25.95,25.95,25.95,25.95
2019-07-14 18:00:00,22.558333333333334,22.558333333333334,22.558333333333334,22.558333333333334
2019-07-14 20:00:00,20.041666666666668,20.041666666666668,20.041666666666668,20.041666666666668
2019-07-14 22:00:00,19.033333333333335,19.033333333333335,19.033333333333335,19.033333333333335
2019-07-15 00:00:00,18.566666666666666,18.566666666666666,18.566666666666666,18.566666666666666
2019-07-15 02:00:00,18.341666666666665,18.341666666666665,18.341666666666665,18.341666666666665
2019-07-15 04:00:00,18.608333333333334,18.608333333333334,18.608333333333334,18.608333333333334
2019-07-15 06:00:00,19.833333333333332,19.833333333333332,19.833333333333332,19.833333333333332
2019-07-15 08:00:00,22.916666666666668,22.916666666666668,22.916666666666668,22.916666666666668
2019-07-15 10:00:00,25.349999999999998,25.349999999999998,25.349999999999998,25.349999999999998
2019-07-15 12:00:00,26.858333333333334,26.858333333333334,26.858333333333334,26.858333333333334
2019-07-15 14:00:00,26.983333333333334,26.983333333333334,26.983333333333334,26.983333333333334
2019-07-15 16:00:00,24.672727272727272,24.672727272727272,,24.672727272727272
2019-07-15 18:00:00,21.683333333333334,21.683333333333334,21.683333333333334,21.683333333333334
2019-07-15 20:00:00,20.166666666666668,,20.166666666666668,20.166666666666668
2019-07-15 22:00:00,19.6,19.6,19.6,
2019-07-16 00:00:00,19.533333333333335,19.533333333333335,19.533333333333335,
2019-07-16 02:00:00,19.141666666666666,19.141666666666666,19.141666666666666,
2019-07-16 04:00:00,18.858333333333334,18.858333333333334,18.858333333333334,
2019-07-16 06:00:00,20.408333333333335,20.408333333333335,,20.408333333333335
2019-07-16 08:00:00,23.5,23.5,,23.5
2019-07-16 10:00:00,25.974999999999998,25.974999999999998,,25.974999999999998
2019-07-16 12:00:00,28.041666666666668,28.041666666666668,,28.041666666666668
2019-07-16 14:00:00,28.858333333333334,28.858333333333334,,28.858333333333334
2019-07-16 16:00:00,27.925,,,27.925
2019-07-16 18:00:00,25.78333333333333,25.78333333333333,,25.78333333333333
2019-07-16 20:00:00,25.099999999999998,25.099999999999998,,25.099999999999998
2019-07-16 22:00:00,25.241666666666664,25.241666666666664,25.241666666666664,25.241666666666664
2019-07-17 00:00:00,25.974999999999998,25.974999999999998,,
2019-07-17 02:00:00,25.741666666666664,25.741666666666664,,
2019-07-17 04:00:00,26.78333333333333,26.78333333333333,,
2019-07-17 06:00:00,29.125,29.125,,
2019-07-17 08:00:00,33.5,33.5,,
2019-07-17 10:00:00,34.88333333333333,34.88333333333333,,
2019-07-17 12:00:00,34.15833333333333,34.15833333333333,34.15833333333333,
2019-07-17 14:00:00,31.766666666666666,31.766666666666666,31.766666666666666,
2019-07-17 16:00:00,29.474999999999998,29.474999999999998,29.474999999999998,
2019-07-17 18:00:00,26.875,26.875,26.875,
2019-07-17 20:00:00,22.741666666666664,22.741666666666664,22.741666666666664,
2019-07-17 22:00:00,21.733333333333334,21.733333333333334,21.733333333333334,
2019-07-18 00:00:00,21.283333333333335,21.283333333333335,21.283333333333335,
2019-07-18 02:00:00,22.275000000000002,22.275000000000002,22.275000000000002,
2019-07-18 04:00:00,22.03333333333333,22.03333333333333,22.03333333333333,
2019-07-18 06:00:00,23.358333333333334,,23.358333333333334,
2019-07-18 08:00:00,25.599999999999998,25.599999999999998,25.599999999999998,
2019-07-18 10:00:00,27.125,,27.125,
2019-07-18 12:00:00,27.275000000000002,27.275000000000002,27.275000000000002,
2019-07-18 14:00:00,26.325,26.325,26.325,
2019-07-18 16:00:00,24.650000000000002,24.650000000000002,24.650000000000002,
2019-07-18 18:00:00,22.183333333333334,22.183333333333334,22.183333333333334,
2019-07-18 20:00:00,20.666666666666668,20.666666666666668,20.666666666666668,
2019-07-18 22:00:00,19.825,19.825,19.825,
2019-07-19 00:00:00,19.333333333333332,19.333333333333332,19.333333333333332,
2019-07-19 02:00:00,18.866666666666667,18.866666666666667,,
2019-07-19 04:00:00,18.575,18.575,,
2019-07-19 06:00:00,20.041666666666668,20.041666666666668,,
2019-07-19 08:00:00,22.925,22.925,,
2019-07-19 10:00:00,25.59166666666667,,,
2019-07-19 12:00:00,27.258333333333336,27.258333333333336,27.258333333333336,
2019-07-19 14:00:00,26.816666666666666,26.816666666666666,26.816666666666666,
2019-07-19 16:00:00,25.133333333333336,25.133333333333336,25.133333333333336,
2019-07-19 18:00:00,22.175,22.175,22.175,
2019-07-19 20:00:00,20.400000000000002,20.400000000000002,20.400000000000002,
2019-07-19 22:00:00,19.425,,,
2019-07-20 00:00:00,18.858333333333334,18.858333333333334,18.858333333333334,
2019-07-20 02:00:00,18.683333333333334,18.683333333333334,18.683333333333334,
2019-07-20 04:00:00,18.633333333333333,18.633333333333333,18.633333333333333,
2019-07-20 06:00:00,19.775000000000002,19.775000000000002,19.775000000000002,
2019-07-20 08:00:00,22.650000000000002,22.650000000000002,22.650000000000002,
2019-07-20 10:00:00,25.525000000000002,25.525000000000002,,
2019-07-20 12:00:00,26.916666666666668,26.916666666666668,,
2019-07-20 14:00:00,26.083333333333332,26.083333333333332,,
2019-07-20 16:00:00,24.358333333333334,24.358333333333334,,
2019-07-20 18:00:00,21.566666666666666,21.566666666666666,,
2019-07-20 20:00:00,20.158333333333335,20.158333333333335,,
2019-07-20 22:00:00,19.208333333333332,19.208333333333332,,
2019-07-21 00:00:00,18.841666666666665,,,
2019-07-21 02:00:00,18.683333333333334,18.683333333333334,,
2019-07-21 04:00:00,18.541666666666668,18.541666666666668,,18.541666666666668
2019-07-21 06:00:00,19.633333333333333,19.633333333333333,19.633333333333333,19.633333333333333
2019-07-21 08:00:00,22.883333333333336,22.883333333333336,22.883333333333336,22.883333333333336
2019-07-21 10:00:00,25.583333333333332,25.583333333333332,25.583333333333332,25.583333333333332
2019-07-21 12:00:00,26.558333333333334,26.558333333333334,26.558333333333334,26.558333333333334
2019-07-21 14:00:00,26.03333333333333,26.03333333333333,26.03333333333333,26.03333333333333
2019-07-21 16:00:00,24.241666666666664,,24.241666666666664,24.241666666666664
2019-07-21 18:00:00,21.925,21.925,21.925,21.925
2019-07-21 20:00:00,20.45,20.45,20.45,20.45
2019-07-21 22:00:00,19.758333333333333,,19.758333333333333,19.758333333333333
2019-07-22 00:00:00,19.349999999999998,19.349999999999998,19.349999999999998,19.349999999999998
2019-07-22 02:00:00,18.883333333333333,18.883333333333333,,18.883333333333333
2019-07-22 04:00:00,18.908333333333335,18.908333333333335,,18.908333333333335
2019-07-22 06:00:00,20.491666666666667,,,20.491666666666667
2019-07-22 08:00:00,24.65833333333333,24.65833333333333,24.65833333333333,24.65833333333333
2019-07-22 10:00:00,27.308333333333334,27.308333333333334,27.308333333333334,27.308333333333334
2019-07-22 12:00:00,28.666666666666668,28.666666666666668,28.666666666666668,28.666666666666668
2019-07-22 14:00:00,28.21666666666667,28.21666666666667,28.21666666666667,28.21666666666667
2019-07-22 16:00:00,26.958333333333332,26.958333333333332,26.958333333333332,26.958333333333332
2019-07-22 18:00:00,24.3,24.3,24.3,24.3
2019-07-22 20:00:00,21.833333333333332,21.833333333333332,21.833333333333332,21.833333333333332
2019-07-22 22:00:00,20.991666666666667,20.991666666666667,20.991666666666667,20.991666666666667
2019-07-23 00:00:00,21.033333333333335,21.033333333333335,21.033333333333335,21.033333333333335
2019-07-23 02:00:00,20.900000000000002,20.900000000000002,20.900000000000002,20.900000000000002
2019-07-23 04:00:00,20.333333333333332,20.333333333333332,20.333333333333332,20.333333333333332
2019-07-23 06:00:00,22.991666666666664,22.991666666666664,22.991666666666664,22.991666666666664
2019-07-23 08:00:00,26.666666666666668,26.666666666666668,26.666666666666668,26.666666666666668
2019-07-23 10:00:00,28.891666666666666,28.891666666666666,28.891666666666666,28.891666666666666
2019-07-23 12:00:00,29.633333333333336,29.633333333333336,29.633333333333336,29.633333333333336
2019-07-23 14:00:00,29.71666666666667,29.71666666666667,29.71666666666667,29.71666666666667
2019-07-23 16:00:00,27.900000000000002,27.900000000000002,27.900000000000002,27.900000000000002
2019-07-23 18:00:00,24.808333333333334,24.808333333333334,24.808333333333334,24.808333333333334
2019-07-23 20:00:00,22.983333333333334,22.983333333333334,22.983333333333334,22.983333333333334
2019-07-23 22:00:00,22.625,22.625,22.625,22.625
2019-07-24 00:00:00,21.991666666666664,21.991666666666664,21.991666666666664,21.991666666666664
2019-07-24 02:00:00,21.291666666666668,21.291666666666668,21.291666666666668,21.291666666666668
2019-07-24 04:00:00,21.041666666666668,21.041666666666668,,21.041666666666668
2019-07-24 06:00:00,24.375,24.375,,24.375
2019-07-24 08:00:00,26.708333333333332,26.708333333333332,,26.708333333333332
2019-07-24 10:00:00,28.558333333333334,28.558333333333334,,28.558333333333334
2019-07-24 12:00:00,29.849999999999998,29.849999999999998,29.849999999999998,29.849999999999998
2019-07-24 14:00:00,29.541666666666668,,29.541666666666668,29.541666666666668
2019-07-24 16:00:00,27.608333333333334,27.608333333333334,27.608333333333334,27.608333333333334
2019-07-24 18:00:00,24.25,24.25,24.25,24.25
2019-07-24 20:00:00,21.858333333333334,21.858333333333334,21.858333333333334,21.858333333333334
2019-07-24 22:00:00,21.224999999999998,21.224999999999998,21.224999999999998,21.224999999999998
2019-07-25 00:00:00,21.108333333333334,21.108333333333334,21.108333333333334,21.108333333333334
2019-07-25 02:00:00,20.533333333333335,20.533333333333335,,20.533333333333335
2019-07-25 04:00:00,19.849999999999998,,,19.849999999999998
2019-07-25 06:00:00,23.78333333333333,23.78333333333333,,23.78333333333333
2019-07-25 08:00:00,27.633333333333336,27.633333333333336,,27.633333333333336
2019-07-25 10:00:00,29.925,29.925,29.925,29.925
2019-07-25 12:00:00,31.05,31.05,31.05,31.05
2019-07-25 14:00:00,30.133333333333336,30.133333333333336,30.133333333333336,30.133333333333336
2019-07-25 16:00:00,28.116666666666664,28.116666666666664,28.116666666666664,28.116666666666664
2019-07-25 18:00:00,24.816666666666666,24.816666666666666,24.816666666666666,24.816666666666666
2019-07-25 20:00:00,22.558333333333334,22.558333333333334,22.558333333333334,22.558333333333334
2019-07-25 22:00:00,21.091666666666665,21.091666666666665,21.091666666666665,21.091666666666665
2019-07-26 00:00:00,21.125,21.125,,21.125
2019-07-26 02:00:00,20.708333333333332,20.708333333333332,,20.708333333333332
2019-07-26 04:00:00,19.383333333333333,19.383333333333333,,19.383333333333333
2019-07-26 06:00:00,21.683333333333334,,21.683333333333334,21.683333333333334
2019-07-26 08:00:00,26.583333333333332,26.583333333333332,26.583333333333332,26.583333333333332
2019-07-26 10:00:00,29.241666666666664,29.241666666666664,29.241666666666664,29.241666666666664
2019-07-26 12:00:00,30.008333333333336,30.008333333333336,30.008333333333336,
2019-07-26 14:00:00,28.866666666666664,28.866666666666664,28.866666666666664,
2019-07-26 16:00:00,26.816666666666666,26.816666666666666,26.816666666666666,
2019-07-26 18:00:00,23.741666666666664,23.741666666666664,23.741666666666664,
2019-07-26 20:00:00,21.616666666666664,21.616666666666664,21.616666666666664,
2019-07-26 22:00:00,20.875,20.875,20.875,
2019-07-27 00:00:00,20.616666666666667,20.616666666666667,20.616666666666667,
2019-07-27 02:00:00,19.875,19.875,19.875,
2019-07-27 04:00:00,19.25,,19.25,
2019-07-27 06:00:00,20.616666666666667,20.616666666666667,20.616666666666667,
2019-07-27 08:00:00,23.916666666666668,23.916666666666668,23.916666666666668,
2019-07-27 10:00:00,26.575,26.575,,
2019-07-27 12:00:00,27.541666666666668,27.541666666666668,,
2019-07-27 14:00:00,27.191666666666666,27.191666666666666,,
2019-07-27 16:00:00,25.59166666666667,25.59166666666667,,
2019-07-27 18:00:00,22.825,22.825,22.825,
2019-07-27 20:00:00,20.891666666666666,20.891666666666666,,
2019-07-27 22:00:00,20.025000000000002,20.025000000000002,,
2019-07-28 00:00:00,19.916666666666668,19.916666666666668,,
2019-07-28 02:00:00,19.125,19.125,,
2019-07-28 04:00:00,19.066666666666666,19.066666666666666,,
2019-07-28 06:00:00,20.383333333333333,20.383333333333333,,
2019-07-28 08:00:00,24.233333333333334,24.233333333333334,24.233333333333334,
2019-07-28 10:00:00,26.641666666666666,26.641666666666666,,
2019-07-28 12:00:00,27.46666666666667,27.46666666666667,,
2019-07-28 14:00:00,27.066666666666666,27.066666666666666,,
2019-07-28 16:00:00,25.191666666666666,25.191666666666666,,
2019-07-28 18:00:00,22.291666666666668,22.291666666666668,22.291666666666668,
2019-07-28 20:00:00,20.849999999999998,20.849999999999998,20.849999999999998,
2019-07-28 22:00:00,20.158333333333335,20.158333333333335,20.158333333333335,
2019-07-29 00:00:00,18.5,18.5,18.5,
2019-07-29 02:00:00,17.891666666666666,,17.891666666666666,
2019-07-29 04:00:00,17.641666666666666,17.641666666666666,17.641666666666666,
2019-07-29 06:00:00,19.425,19.425,19.425,
2019-07-29 08:00:00,25.325,25.325,25.325,
2019-07-29 10:00:00,28.616666666666664,28.616666666666664,28.616666666666664,
2019-07-29 12:00:00,29.616666666666664,29.616666666666664,29.616666666666664,
2019-07-29 14:00:00,28.95,28.95,28.95,
2019-07-29 16:00:00,27.575,27.575,27.575,27.575
2019-07-29 18:00:00,24.333333333333332,24.333333333333332,24.333333333333332,24.333333333333332
2019-07-29 20:00:00,22.691666666666666,22.691666666666666,22.691666666666666,22.691666666666666
2019-07-29 22:00:00,22.8,22.8,,22.8
2019-07-30 00:00:00,22.90833333333333,22.90833333333333,,22.90833333333333
2019-07-30 02:00:00,22.566666666666666,,,22.566666666666666
2019-07-30 04:00:00,23.008333333333336,23.008333333333336,,23.008333333333336
2019-07-30 06:00:00,26.241666666666664,26.241666666666664,,26.241666666666664
2019-07-30 08:00:00,29.266666666666666,,,29.266666666666666
2019-07-30 10:00:00,31.583333333333332,,,31.583333333333332
2019-07-30 12:00:00,32.69166666666667,32.69166666666667,32.69166666666667,32.69166666666667
2019-07-30 14:00:00,32.199999999999996,32.199999999999996,,32.199999999999996
2019-07-30 16:00:00,30.05,30.05,,30.05
2019-07-30 18:00:00,26.125,26.125,26.125,26.125
2019-07-30 20:00:00,24.45,24.45,24.45,24.45
2019-07-30 22:00:00,24.7,24.7,24.7,24.7
2019-07-31 00:00:00,24.474999999999998,24.474999999999998,24.474999999999998,24.474999999999998
2019-07-31 02:00:00,24.349999999999998,,,24.349999999999998
2019-07-31 04:00:00,24.641666666666666,24.641666666666666,,24.641666666666666
2019-07-31 06:00:00,27.183333333333334,27.183333333333334,,27.183333333333334
2019-07-31 08:00:00,30.833333333333332,30.833333333333332,,30.833333333333332
2019-07-31 10:00:00,32.975,32.975,32.975,32.975
2019-07-31 12:00:00,33.25,33.25,33.25,33.25
2019-07-31 14:00:00,32.074999999999996,32.074999999999996,32.074999999999996,32.074999999999996
2019-07-31 16:00:00,29.558333333333334,29.558333333333334,29.558333333333334,29.558333333333334
2019-07-31 18:00:00,25.775000000000002,25.775000000000002,25.775000000000002,25.775000000000002
2019-07-31 20:00:00,23.383333333333336,,23.383333333333336,23.383333333333336
2019-07-31 22:00:00,22.541666666666668,22.541666666666668,22.541666666666668,22.541666666666668
2019-08-01 00:00:00,23.258333333333336,23.258333333333336,23.258333333333336,23.258333333333336
2019-08-01 02:00:00,22.03333333333333,22.03333333333333,22.03333333333333,22.03333333333333
2019-08-01 04:00:00,21.691666666666666,21.691666666666666,,21.691666666666666
2019-08-01 06:00:00,24.041666666666668,24.041666666666668,,24.041666666666668
2019-08-01 08:00:00,27.400000000000002,27.400000000000002,27.400000000000002,27.400000000000002
2019-08-01 10:00:00,29.758333333333336,29.758333333333336,29.758333333333336,29.758333333333336
2019-08-01 12:00:00,30.933333333333334,30.933333333333334,30.933333333333334,30.933333333333334
2019-08-01 14:00:00,29.333333333333332,29.333333333333332,,29.333333333333332
2019-08-01 16:00:00,26.741666666666664,26.741666666666664,,26.741666666666664
2019-08-01 18:00:00,23.46666666666667,23.46666666666667,,23.46666666666667
2019-08-01 20:00:00,21.0,21.0,,21.0
2019-08-01 22:00:00,19.825,19.825,,19.825
2019-08-02 00:00:00,19.208333333333332,19.208333333333332,,19.208333333333332
2019-08-02 02:00:00,19.275000000000002,19.275000000000002,19.275000000000002,19.275000000000002
2019-08-02 04:00:00,19.658333333333335,19.658333333333335,19.658333333333335,19.658333333333335
2019-08-02 06:00:00,20.483333333333334,20.483333333333334,20.483333333333334,20.483333333333334
2019-08-02 08:00:00,22.95,22.95,,22.95
2019-08-02 10:00:00,26.15833333333333,26.15833333333333,,26.15833333333333
2019-08-02 12:00:00,27.683333333333334,27.683333333333334,,27.683333333333334
2019-08-02 14:00:00,27.333333333333332,27.333333333333332,,27.333333333333332
2019-08-02 16:00:00,24.633333333333336,24.633333333333336,24.633333333333336,24.633333333333336
2019-08-02 18:00:00,22.05,22.05,22.05,22.05
2019-08-02 20:00:00,20.8,20.8,,20.8
2019-08-02 22:00:00,20.099999999999998,20.099999999999998,,20.099999999999998
2019-08-03 00:00:00,19.575,19.575,,19.575
2019-08-03 02:00:00,19.099999999999998,19.099999999999998,,19.099999999999998
2019-08-03 04:00:00,19.05,19.05,,19.05
2019-08-03 06:00:00,20.083333333333332,20.083333333333332,,20.083333333333332
2019-08-03 08:00:00,23.316666666666666,23.316666666666666,,23.316666666666666
2019-08-03 10:00:00,25.683333333333334,25.683333333333334,25.683333333333334,25.683333333333334
2019-08-03 12:00:00,27.508333333333336,,27.508333333333336,27.508333333333336
2019-08-03 14:00:00,27.21666666666667,27.21666666666667,27.21666666666667,27.21666666666667
2019-08-03 16:00:00,25.75,25.75,25.75,25.75
2019-08-03 18:00:00,23.208333333333332,23.208333333333332,23.208333333333332,23.208333333333332
2019-08-03 20:00:00,21.71666666666667,21.71666666666667,21.71666666666667,21.71666666666667
2019-08-03 22:00:00,21.916666666666668,,21.916666666666668,21.916666666666668
2019-08-04 00:00:00,21.84166666666667,21.84166666666667,21.84166666666667,21.84166666666667
2019-08-04 02:00:00,20.383333333333333,20.383333333333333,20.383333333333333,20.383333333333333
2019-08-04 04:00:00,19.14166666666667,19.14166666666667,19.14166666666667,19.14166666666667
2019-08-04 06:00:00,20.708333333333332,20.708333333333332,20.708333333333332,20.708333333333332
2019-08-04 08:00:00,24.433333333333334,24.433333333333334,,24.433333333333334
2019-08-04 10:00:00,27.883333333333336,27.883333333333336,27.883333333333336,27.883333333333336
2019-08-04 12:00:00,29.775000000000002,29.775000000000002,29.775000000000002,29.775000000000002
2019-08-04 14:00:00,29.208333333333332,29.208333333333332,29.208333333333332,29.208333333333332
2019-08-04 16:00:00,27.21666666666667,27.21666666666667,27.21666666666667,27.21666666666667
2019-08-04 18:00:00,24.474999999999998,24.474999999999998,24.474999999999998,24.474999999999998
2019-08-04 20:00:00,22.34166666666667,22.34166666666667,22.34166666666667,22.34166666666667
2019-08-04 22:00:00,22.208333333333332,22.208333333333332,22.208333333333332,22.208333333333332
2019-08-05 00:00:00,20.783333333333335,20.783333333333335,20.783333333333335,20.783333333333335
2019-08-05 02:00:00,21.266666666666666,21.266666666666666,21.266666666666666,21.266666666666666
2019-08-05 04:00:00,21.066666666666666,21.066666666666666,21.066666666666666,21.066666666666666
2019-08-05 06:00:00,20.858333333333334,20.858333333333334,20.858333333333334,20.858333333333334
2019-08-05 08:00:00,25.058333333333334,25.058333333333334,25.058333333333334,25.058333333333334
2019-08-05 10:00:00,27.916666666666668,27.916666666666668,27.916666666666668,27.916666666666668
2019-08-05 12:00:00,29.766666666666666,29.766666666666666,,29.766666666666666
2019-08-05 14:00:00,29.45,29.45,29.45,29.45
2019-08-05 16:00:00,27.166666666666668,27.166666666666668,27.166666666666668,27.166666666666668
2019-08-05 18:00:00,23.766666666666666,23.766666666666666,23.766666666666666,23.766666666666666
2019-08-05 20:00:00,23.208333333333332,23.208333333333332,23.208333333333332,23.208333333333332
2019-08-05 22:00:00,21.3,21.3,21.3,21.3
2019-08-06 00:00:00,20.466666666666665,20.466666666666665,20.466666666666665,20.466666666666665
2019-08-06 02:00:00,19.891666666666666,19.891666666666666,19.891666666666666,19.891666666666666
2019-08-06 04:00:00,19.691666666666666,19.691666666666666,19.691666666666666,19.691666666666666
2019-08-06 06:00:00,20.575,20.575,20.575,20.575
2019-08-06 08:00:00,23.275000000000002,23.275000000000002,23.275000000000002,23.275000000000002
2019-08-06 10:00:00,26.166666666666668,,,26.166666666666668
2019-08-06 12:00:00,27.733333333333334,27.733333333333334,,27.733333333333334
2019-08-06 14:00:00,27.358333333333334,27.358333333333334,,27.358333333333334
2019-08-06 16:00:00,25.641666666666666,25.641666666666666,,25.641666666666666
2019-08-06 18:00:00,22.724999999999998,22.724999999999998,,22.724999999999998
2019-08-06 20:00:00,20.366666666666667,20.366666666666667,20.366666666666667,20.366666666666667
2019-08-06 22:00:00,19.691666666666666,19.691666666666666,19.691666666666666,19.691666666666666
2019-08-07 00:00:00,19.416666666666668,19.416666666666668,19.416666666666668,19.416666666666668
2019-08-07 02:00:00,19.083333333333332,19.083333333333332,19.083333333333332,19.083333333333332
2019-08-07 04:00:00,19.025000000000002,19.025000000000002,19.025000000000002,19.025000000000002
2019-08-07 06:00:00,20.458333333333332,20.458333333333332,20.458333333333332,20.458333333333332
2019-08-07 08:00:00,22.916666666666668,22.916666666666668,22.916666666666668,22.916666666666668
2019-08-07 10:00:00,25.266666666666666,25.266666666666666,25.266666666666666,25.266666666666666
2019-08-07 12:00:00,26.34166666666667,26.34166666666667,26.34166666666667,26.34166666666667
2019-08-07 14:00:00,25.974999999999998,25.974999999999998,25.974999999999998,25.974999999999998
2019-08-07 16:00:00,24.575,24.575,24.575,24.575
2019-08-07 18:00:00,21.90833333333333,21.90833333333333,21.90833333333333,21.90833333333333
2019-08-07 20:00:00,20.408333333333335,20.408333333333335,20.408333333333335,20.408333333333335
2019-08-07 22:00:00,19.633333333333333,19.633333333333333,19.633333333333333,19.633333333333333
2019-08-08 00:00:00,18.900000000000002,18.900000000000002,18.900000000000002,18.900000000000002
2019-08-08 02:00:00,18.816666666666666,18.816666666666666,,18.816666666666666
2019-08-08 04:00:00,19.23333333333333,19.23333333333333,,19.23333333333333
2019-08-08 06:00:00,20.608333333333334,,20.608333333333334,20.608333333333334
2019-08-08 08:00:00,23.90833333333333,23.90833333333333,23.90833333333333,23.90833333333333
2019-08-08 10:00:00,26.733333333333334,26.733333333333334,26.733333333333334,26.733333333333334
2019-08-08 12:00:00,28.099999999999998,28.099999999999998,28.099999999999998,28.099999999999998
2019-08-08 14:00:00,27.525000000000002,27.525000000000002,27.525000000000002,27.525000000000002
2019-08-08 16:00:00,25.508333333333336,25.508333333333336,25.508333333333336,25.508333333333336
2019-08-08 18:00:00,22.866666666666664,22.866666666666664,22.866666666666664,22.866666666666664
2019-08-08 20:00:00,21.46666666666667,21.46666666666667,21.46666666666667,21.46666666666667
2019-08-08 22:00:00,20.483333333333334,20.483333333333334,20.483333333333334,20.483333333333334
2019-08-09 00:00:00,19.816666666666666,19.816666666666666,19.816666666666666,
2019-08-09 02:00:00,18.75,18.75,18.75,
2019-08-09 04:00:00,18.583333333333332,18.583333333333332,18.583333333333332,
2019-08-09 06:00:00,19.75,19.75,19.75,
2019-08-09 08:00:00,22.7,22.7,22.7,
2019-08-09 10:00:00,26.416666666666668,26.416666666666668,26.416666666666668,
2019-08-09 12:00:00,27.816666666666666,27.816666666666666,,
2019-08-09 14:00:00,27.150000000000002,27.150000000000002,,
2019-08-09 16:00:00,24.933333333333334,24.933333333333334,,
2019-08-09 18:00:00,22.016666666666666,22.016666666666666,,
2019-08-09 20:00:00,20.658333333333335,20.658333333333335,20.658333333333335,
2019-08-09 22:00:00,20.108333333333334,20.108333333333334,20.108333333333334,
2019-08-10 00:00:00,19.766666666666666,19.766666666666666,,
2019-08-10 02:00:00,19.650000000000002,19.650000000000002,,
2019-08-10 04:00:00,19.266666666666666,19.266666666666666,,
2019-08-10 06:00:00,20.016666666666666,20.016666666666666,,
2019-08-10 08:00:00,22.791666666666668,22.791666666666668,,
2019-08-10 10:00:00,25.833333333333332,25.833333333333332,,
2019-08-10 12:00:00,27.575,27.575,,
2019-08-10 14:00:00,27.133333333333336,27.133333333333336,,
2019-08-10 16:00:00,25.291666666666668,25.291666666666668,25.291666666666668,
2019-08-10 18:00:00,22.391666666666666,22.391666666666666,22.391666666666666,
2019-08-10 20:00:00,20.650000000000002,20.650000000000002,20.650000000000002,
2019-08-10 22:00:00,21.191666666666666,21.191666666666666,,
2019-08-11 00:00:00,21.7,21.7,,
2019-08-11 02:00:00,20.283333333333335,,,
2019-08-11 04:00:00,19.900000000000002,19.900000000000002,19.900000000000002,
2019-08-11 06:00:00,22.233333333333334,22.233333333333334,22.233333333333334,
2019-08-11 08:00:00,26.058333333333334,26.058333333333334,26.058333333333334,
2019-08-11 10:00:00,28.516666666666666,28.516666666666666,28.516666666666666,
2019-08-11 12:00:00,29.508333333333336,,29.508333333333336,
2019-08-11 14:00:00,28.75,28.75,,
2019-08-11 16:00:00,27.05,27.05,,
2019-08-11 18:00:00,23.983333333333334,23.983333333333334,,
2019-08-11 20:00:00,22.458333333333332,22.458333333333332,22.458333333333332,
2019-08-11 22:00:00,22.891666666666666,,22.891666666666666,
2019-08-12 00:00:00,23.275000000000002,23.275000000000002,23.275000000000002,
2019-08-12 02:00:00,22.883333333333336,22.883333333333336,22.883333333333336,
2019-08-12 04:00:00,22.516666666666666,22.516666666666666,22.516666666666666,
2019-08-12 06:00:00,24.65833333333333,24.65833333333333,24.65833333333333,
2019-08-12 08:00:00,27.791666666666668,27.791666666666668,27.791666666666668,
2019-08-12 10:00:00,29.583333333333332,29.583333333333332,29.583333333333332,
2019-08-12 12:00:00,30.208333333333332,30.208333333333332,30.208333333333332,
2019-08-12 14:00:00,29.583333333333332,29.583333333333332,29.583333333333332,
2019-08-12 16:00:00,27.891666666666666,27.891666666666666,27.891666666666666,
2019-08-12 18:00:00,24.825,,24.825,
2019-08-12 20:00:00,23.633333333333336,23.633333333333336,,
2019-08-12 22:00:00,24.625,24.625,,
2019-08-13 00:00:00,24.883333333333336,,,
2019-08-13 02:00:00,24.375,24.375,24.375,
2019-08-13 04:00:00,24.066666666666666,,24.066666666666666,
2019-08-13 06:00:00,26.03333333333333,26.03333333333333,26.03333333333333,
2019-08-13 08:00:00,29.075,29.075,29.075,
2019-08-13 10:00:00,30.55,30.55,30.55,
2019-08-13 12:00:00,30.600000000000005,30.600000000000005,30.600000000000005,
2019-08-13 14:00:00,30.958333333333332,30.958333333333332,30.958333333333332,
2019-08-13 16:00:00,29.65833333333333,29.65833333333333,29.65833333333333,
2019-08-13 18:00:00,25.916666666666668,25.916666666666668,25.916666666666668,
2019-08-13 20:00:00,25.525000000000002,25.525000000000002,25.525000000000002,
2019-08-13 22:00:00,25.683333333333334,25.683333333333334,25.683333333333334,
2019-08-14 00:00:00,24.28333333333333,24.28333333333333,24.28333333333333,
2019-08-14 02:00:00,21.916666666666668,21.916666666666668,21.916666666666668,
2019-08-14 04:00:00,21.458333333333332,21.458333333333332,21.458333333333332,
2019-08-14 06:00:00,23.791666666666668,23.791666666666668,23.791666666666668,
2019-08-14 08:00:00,27.90833333333333,27.90833333333333,,
2019-08-14 10:00:00,29.15833333333333,29.15833333333333,,
2019-08-14 12:00:00,29.675,29.675,29.675,
2019-08-14 14:00:00,29.016666666666666,29.016666666666666,29.016666666666666,
2019-08-14 16:00:00,26.983333333333334,26.983333333333334,26.983333333333334,
2019-08-14 18:00:00,23.766666666666666,23.766666666666666,23.766666666666666,
2019-08-14 20:00:00,22.25,22.25,22.25,
2019-08-14 22:00:00,20.2,20.2,20.2,
2019-08-15 00:00:00,19.716666666666665,19.716666666666665,19.716666666666665,
2019-08-15 02:00:00,19.558333333333334,19.558333333333334,,
2019-08-15 04:00:00,19.408333333333335,19.408333333333335,,
2019-08-15 06:00:00,23.233333333333334,23.233333333333334,,
2019-08-15 08:00:00,28.3,28.3,,28.3
2019-08-15 10:00:00,29.8,29.8,29.8,29.8
2019-08-15 12:00:00,29.583333333333332,29.583333333333332,29.583333333333332,29.583333333333332
2019-08-15 14:00:00,29.616666666666664,29.616666666666664,29.616666666666664,29.616666666666664
2019-08-15 16:00:00,29.21666666666667,29.21666666666667,29.21666666666667,29.21666666666667
2019-08-15 18:00:00,27.208333333333332,27.208333333333332,27.208333333333332,27.208333333333332
2019-08-15 20:00:00,26.40833333333333,26.40833333333333,26.40833333333333,26.40833333333333
2019-08-15 22:00:00,25.916666666666668,25.916666666666668,25.916666666666668,25.916666666666668
2019-08-16 00:00:00,25.900000000000002,,25.900000000000002,25.900000000000002
2019-08-16 02:00:00,25.53333333333333,25.53333333333333,25.53333333333333,25.53333333333333
2019-08-16 04:00:00,25.400000000000002,25.400000000000002,25.400000000000002,25.400000000000002
2019-08-16 06:00:00,27.974999999999998,27.974999999999998,27.974999999999998,27.974999999999998
2019-08-16 08:00:00,31.083333333333332,31.083333333333332,31.083333333333332,31.083333333333332
2019-08-16 10:00:00,33.050000000000004,33.050000000000004,33.050000000000004,33.050000000000004
2019-08-16 12:00:00,33.275,33.275,33.275,33.275
2019-08-16 14:00:00,31.84166666666667,31.84166666666667,31.84166666666667,31.84166666666667
2019-08-16 16:00:00,29.375,29.375,29.375,29.375
2019-08-16 18:00:00,25.833333333333332,25.833333333333332,25.833333333333332,25.833333333333332
2019-08-16 20:00:00,24.133333333333336,24.133333333333336,24.133333333333336,24.133333333333336
2019-08-16 22:00:00,24.25,24.25,24.25,24.25
2019-08-17 00:00:00,22.116666666666664,22.116666666666664,22.116666666666664,22.116666666666664
2019-08-17 02:00:00,20.5,20.5,20.5,20.5
2019-08-17 04:00:00,19.458333333333332,19.458333333333332,19.458333333333332,19.458333333333332
2019-08-17 06:00:00,20.791666666666668,20.791666666666668,20.791666666666668,20.791666666666668
2019-08-17 08:00:00,24.258333333333336,24.258333333333336,24.258333333333336,24.258333333333336
2019-08-17 10:00:00,26.40833333333333,26.40833333333333,26.40833333333333,26.40833333333333
2019-08-17 12:00:00,27.958333333333332,27.958333333333332,27.958333333333332,27.958333333333332
2019-08-17 14:00:00,27.358333333333334,27.358333333333334,27.358333333333334,27.358333333333334
2019-08-17 16:00:00,25.400000000000002,25.400000000000002,25.400000000000002,25.400000000000002
2019-08-17 18:00:00,22.316666666666666,22.316666666666666,22.316666666666666,22.316666666666666
2019-08-17 20:00:00,21.283333333333335,21.283333333333335,21.283333333333335,21.283333333333335
2019-08-17 22:00:00,20.316666666666666,20.316666666666666,20.316666666666666,20.316666666666666
2019-08-18 00:00:00,19.883333333333333,19.883333333333333,,19.883333333333333
2019-08-18 02:00:00,19.941666666666666,19.941666666666666,,19.941666666666666
2019-08-18 04:00:00,19.966666666666665,19.966666666666665,19.966666666666665,19.966666666666665
2019-08-18 06:00:00,20.775000000000002,20.775000000000002,20.775000000000002,20.775000000000002
2019-08-18 08:00:00,23.458333333333332,23.458333333333332,23.458333333333332,23.458333333333332
2019-08-18 10:00:00,26.25,26.25,26.25,26.25
2019-08-18 12:00:00,26.816666666666666,26.816666666666666,26.816666666666666,26.816666666666666
2019-08-18 14:00:00,25.983333333333334,25.983333333333334,25.983333333333334,25.983333333333334
2019-08-18 16:00:00,24.733333333333334,24.733333333333334,24.733333333333334,
2019-08-18 18:00:00,22.03333333333333,22.03333333333333,22.03333333333333,
2019-08-18 20:00:00,20.633333333333333,,20.633333333333333,
2019-08-18 22:00:00,19.883333333333333,19.883333333333333,19.883333333333333,
2019-08-19 00:00:00,19.166666666666668,19.166666666666668,19.166666666666668,
2019-08-19 02:00:00,18.60833333333333,18.60833333333333,18.60833333333333,
2019-08-19 04:00:00,18.441666666666666,18.441666666666666,18.441666666666666,
2019-08-19 06:00:00,19.683333333333334,19.683333333333334,19.683333333333334,
2019-08-19 08:00:00,22.516666666666666,22.516666666666666,22.516666666666666,
2019-08-19 10:00:00,26.3,26.3,26.3,
2019-08-19 12:00:00,28.0,28.0,28.0,
2019-08-19 14:00:00,27.633333333333336,27.633333333333336,27.633333333333336,
2019-08-19 16:00:00,24.516666666666666,24.516666666666666,24.516666666666666,
2019-08-19 18:00:00,22.116666666666664,22.116666666666664,,
2019-08-19 20:00:00,20.7,20.7,,
2019-08-19 22:00:00,20.033333333333335,,,
2019-08-20 00:00:00,19.708333333333332,19.708333333333332,,
2019-08-20 02:00:00,19.166666666666668,19.166666666666668,,
2019-08-20 04:00:00,18.416666666666668,18.416666666666668,18.416666666666668,
2019-08-20 06:00:00,20.008333333333333,,,
2019-08-20 08:00:00,23.2,23.2,,
2019-08-20 10:00:00,25.974999999999998,25.974999999999998,,
2019-08-20 12:00:00,27.416666666666668,27.416666666666668,,
2019-08-20 14:00:00,26.875,,,
2019-08-20 16:00:00,24.96666666666667,24.96666666666667,24.96666666666667,
2019-08-20 18:00:00,22.575,22.575,22.575,
2019-08-20 20:00:00,21.458333333333332,21.458333333333332,21.458333333333332,
2019-08-20 22:00:00,20.625,20.625,20.625,
2019-08-21 00:00:00,20.041666666666668,20.041666666666668,20.041666666666668,
2019-08-21 02:00:00,19.575,19.575,19.575,
2019-08-21 04:00:00,19.358333333333334,19.358333333333334,19.358333333333334,
2019-08-21 06:00:00,20.525000000000002,20.525000000000002,20.525000000000002,
2019-08-21 08:00:00,23.675,23.675,23.675,
2019-08-21 10:00:00,26.308333333333334,26.308333333333334,26.308333333333334,
2019-08-21 12:00:00,27.875,27.875,27.875,
2019-08-21 14:00:00,28.008333333333336,28.008333333333336,28.008333333333336,
2019-08-21 16:00:00,26.166666666666668,26.166666666666668,26.166666666666668,
2019-08-21 18:00:00,22.983333333333334,22.983333333333334,22.983333333333334,
2019-08-21 20:00:00,21.158333333333335,21.158333333333335,21.158333333333335,
2019-08-21 22:00:00,20.150000000000002,20.150000000000002,20.150000000000002,
2019-08-22 00:00:00,19.675,19.675,19.675,
2019-08-22 02:00:00,19.666666666666668,19.666666666666668,,
2019-08-22 04:00:00,19.708333333333332,19.708333333333332,,
2019-08-22 06:00:00,21.191666666666666,21.191666666666666,,
2019-08-22 08:00:00,25.708333333333332,25.708333333333332,,
2019-08-22 10:00:00,28.5,28.5,,
2019-08-22 12:00:00,30.383333333333336,30.383333333333336,30.383333333333336,
2019-08-22 14:00:00,30.116666666666664,30.116666666666664,,
2019-08-22 16:00:00,27.433333333333334,27.433333333333334,27.433333333333334,
2019-08-22 18:00:00,24.133333333333336,24.133333333333336,24.133333333333336,
2019-08-22 20:00:00,22.583333333333332,22.583333333333332,22.583333333333332,
2019-08-22 22:00:00,21.916666666666668,21.916666666666668,21.916666666666668,
2019-08-23 00:00:00,20.666666666666668,,20.666666666666668,
2019-08-23 02:00:00,20.116666666666667,20.116666666666667,20.116666666666667,
2019-08-23 04:00:00,20.0,20.0,20.0,
2019-08-23 06:00:00,22.325,22.325,22.325,
2019-08-23 08:00:00,27.041666666666668,27.041666666666668,27.041666666666668,
2019-08-23 10:00:00,29.616666666666664,29.616666666666664,29.616666666666664,
2019-08-23 12:00:00,30.849999999999998,30.849999999999998,30.849999999999998,
2019-08-23 14:00:00,30.383333333333336,,30.383333333333336,
2019-08-23 16:00:00,27.71666666666667,,27.71666666666667,
2019-08-23 18:00:00,24.3,24.3,24.3,
2019-08-23 20:00:00,22.525000000000002,22.525000000000002,22.525000000000002,
2019-08-23 22:00:00,21.40833333333333,21.40833333333333,21.40833333333333,
2019-08-24 00:00:00,21.008333333333333,,21.008333333333333,
2019-08-24 02:00:00,20.966666666666665,20.966666666666665,,
2019-08-24 04:00:00,20.758333333333333,20.758333333333333,,
2019-08-24 06:00:00,21.900000000000002,21.900000000000002,,
2019-08-24 08:00:00,25.275000000000002,25.275000000000002,,
2019-08-24 10:00:00,28.3,28.3,,
2019-08-24 12:00:00,29.825,29.825,29.825,
2019-08-24 14:00:00,29.375,29.375,29.375,
2019-08-24 16:00:00,27.116666666666664,27.116666666666664,27.116666666666664,
2019-08-24 18:00:00,23.84166666666667,23.84166666666667,23.84166666666667,
2019-08-24 20:00:00,22.383333333333336,22.383333333333336,22.383333333333336,
2019-08-24 22:00:00,22.175,,22.175,
2019-08-25 00:00:00,21.933333333333334,21.933333333333334,21.933333333333334,
2019-08-25 02:00:00,22.25,,22.25,
2019-08-25 04:00:00,22.40833333333333,22.40833333333333,22.40833333333333,
2019-08-25 06:00:00,23.991666666666664,23.991666666666664,23.991666666666664,
2019-08-25 08:00:00,27.558333333333334,27.558333333333334,27.558333333333334,
2019-08-25 10:00:00,29.525000000000002,29.525000000000002,29.525000000000002,
2019-08-25 12:00:00,30.516666666666666,30.516666666666666,30.516666666666666,
2019-08-25 14:00:00,29.474999999999998,29.474999999999998,29.474999999999998,
2019-08-25 16:00:00,27.808333333333334,27.808333333333334,27.808333333333334,
2019-08-25 18:00:00,24.59166666666667,24.59166666666667,24.59166666666667,
2019-08-25 20:00:00,22.775000000000002,22.775000000000002,22.775000000000002,22.775000000000002
2019-08-25 22:00:00,22.383333333333336,22.383333333333336,22.383333333333336,22.383333333333336
2019-08-26 00:00:00,21.875,21.875,21.875,21.875
2019-08-26 02:00:00,21.358333333333334,21.358333333333334,21.358333333333334,21.358333333333334
2019-08-26 04:00:00,21.483333333333334,21.483333333333334,21.483333333333334,21.483333333333334
2019-08-26 06:00:00,24.208333333333332,24.208333333333332,24.208333333333332,24.208333333333332
2019-08-26 08:00:00,27.849999999999998,27.849999999999998,27.849999999999998,27.849999999999998
2019-08-26 10:00:00,30.90833333333333,30.90833333333333,30.90833333333333,30.90833333333333
2019-08-26 12:00:00,31.45,31.45,31.45,31.45
2019-08-26 14:00:00,30.616666666666664,,30.616666666666664,30.616666666666664
2019-08-26 16:00:00,28.125,28.125,28.125,28.125
2019-08-26 18:00:00,24.275000000000002,24.275000000000002,24.275000000000002,24.275000000000002
2019-08-26 20:00:00,22.858333333333334,22.858333333333334,22.858333333333334,22.858333333333334
2019-08-26 22:00:00,22.125,,,22.125
2019-08-27 00:00:00,21.816666666666666,,,21.816666666666666
2019-08-27 02:00:00,21.775000000000002,21.775000000000002,,21.775000000000002
2019-08-27 04:00:00,21.608333333333334,21.608333333333334,,21.608333333333334
2019-08-27 06:00:00,23.5,23.5,,23.5
2019-08-27 08:00:00,28.233333333333334,28.233333333333334,,28.233333333333334
2019-08-27 10:00:00,30.75,30.75,30.75,30.75
2019-08-27 12:00:00,30.84166666666667,,30.84166666666667,30.84166666666667
2019-08-27 14:00:00,29.816666666666666,29.816666666666666,29.816666666666666,29.816666666666666
2019-08-27 16:00:00,27.099999999999998,27.099999999999998,27.099999999999998,27.099999999999998
2019-08-27 18:00:00,23.125,,23.125,23.125
2019-08-27 20:00:00,21.633333333333336,21.633333333333336,21.633333333333336,21.633333333333336
2019-08-27 22:00:00,20.966666666666665,20.966666666666665,20.966666666666665,20.966666666666665
2019-08-28 00:00:00,20.875,20.875,20.875,20.875
2019-08-28 02:00:00,19.974999999999998,19.974999999999998,19.974999999999998,19.974999999999998
2019-08-28 04:00:00,19.974999999999998,19.974999999999998,19.974999999999998,19.974999999999998
2019-08-28 06:00:00,20.516666666666666,20.516666666666666,20.516666666666666,20.516666666666666
2019-08-28 08:00:00,24.258333333333336,24.258333333333336,24.258333333333336,24.258333333333336
2019-08-28 10:00:00,27.53333333333333,27.53333333333333,27.53333333333333,27.53333333333333
2019-08-28 12:00:00,29.166666666666668,29.166666666666668,29.166666666666668,29.166666666666668
2019-08-28 14:00:00,28.15833333333333,28.15833333333333,28.15833333333333,28.15833333333333
2019-08-28 16:00:00,25.55,25.55,25.55,25.55
2019-08-28 18:00:00,22.858333333333334,,22.858333333333334,22.858333333333334
2019-08-28 20:00:00,21.541666666666668,21.541666666666668,21.541666666666668,21.541666666666668
2019-08-28 22:00:00,20.841666666666665,20.841666666666665,20.841666666666665,20.841666666666665
2019-08-29 00:00:00,20.366666666666667,20.366666666666667,20.366666666666667,20.366666666666667
2019-08-29 02:00:00,19.741666666666667,19.741666666666667,19.741666666666667,19.741666666666667
2019-08-29 04:00:00,19.583333333333332,19.583333333333332,19.583333333333332,19.583333333333332
2019-08-29 06:00:00,21.133333333333333,21.133333333333333,21.133333333333333,21.133333333333333
2019-08-29 08:00:00,24.933333333333334,24.933333333333334,24.933333333333334,24.933333333333334
2019-08-29 10:00:00,28.316666666666666,28.316666666666666,28.316666666666666,28.316666666666666
2019-08-29 12:00:00,29.358333333333334,,,29.358333333333334
2019-08-29 14:00:00,28.266666666666666,28.266666666666666,28.266666666666666,28.266666666666666
2019-08-29 16:00:00,25.7,25.7,25.7,25.7
2019-08-29 18:00:00,22.891666666666666,,22.891666666666666,22.891666666666666
2019-08-29 20:00:00,21.78333333333333,21.78333333333333,21.78333333333333,21.78333333333333
2019-08-29 22:00:00,21.141666666666666,,21.141666666666666,21.141666666666666
2019-08-30 00:00:00,20.841666666666665,20.841666666666665,20.841666666666665,20.841666666666665
2019-08-30 02:00:00,20.816666666666666,20.816666666666666,20.816666666666666,20.816666666666666
2019-08-30 04:00:00,20.708333333333332,20.708333333333332,20.708333333333332,20.708333333333332
2019-08-30 06:00:00,21.349999999999998,21.349999999999998,21.349999999999998,21.349999999999998
2019-08-30 08:00:00,24.816666666666666,24.816666666666666,24.816666666666666,24.816666666666666
2019-08-30 10:00:00,28.641666666666666,28.641666666666666,28.641666666666666,28.641666666666666
2019-08-30 12:00:00,29.391666666666666,29.391666666666666,29.391666666666666,29.391666666666666
2019-08-30 14:00:00,27.833333333333332,27.833333333333332,27.833333333333332,27.833333333333332
2019-08-30 16:00:00,25.808333333333334,25.808333333333334,25.808333333333334,25.808333333333334
2019-08-30 18:00:00,23.058333333333334,23.058333333333334,23.058333333333334,23.058333333333334
2019-08-30 20:00:00,21.933333333333334,21.933333333333334,,21.933333333333334
2019-08-30 22:00:00,21.116666666666667,21.116666666666667,21.116666666666667,21.116666666666667
2019-08-31 00:00:00,20.650000000000002,20.650000000000002,20.650000000000002,20.650000000000002
2019-08-31 02:00:00,20.925,20.925,20.925,20.925
2019-08-31 04:00:00,21.275000000000002,21.275000000000002,21.275000000000002,21.275000000000002
2019-08-31 06:00:00,21.875,21.875,21.875,21.875
2019-08-31 08:00:00,25.925,25.925,25.925,25.925
2019-08-31 10:00:00,29.191666666666666,29.191666666666666,,29.191666666666666
2019-08-31 12:00:00,30.099999999999998,30.099999999999998,,30.099999999999998
2019-08-31 14:00:00,29.400000000000002,29.400000000000002,,29.400000000000002
2019-08-31 16:00:00,26.808333333333334,26.808333333333334,26.808333333333334,26.808333333333334
2019-08-31 18:00:00,24.05,24.05,24.05,24.05
2019-08-31 20:00:00,23.008333333333336,23.008333333333336,23.008333333333336,23.008333333333336
2019-08-31 22:00:00,22.275000000000002,22.275000000000002,22.275000000000002,22.275000000000002
